,latitude,longitude,time,sensor_zenith_angle,xco2,xco2_uncertainty,xco2_apriori,dates
0,-74.99241,162.84126,1451608383.2489893,26.974253,401.64148,3.5668097,399.33536,2016-01-01 00:33:01
1,-74.98562,162.85953,1451608387.9745722,25.909986,405.4249,3.7698658,399.33542,2016-01-01 00:33:06
2,-74.97762,162.87798,1451608392.4680903,25.049591,410.6839,4.6878767,399.33542,2016-01-01 00:33:11
3,-74.41205,141.7354,1451608424.850695,26.970304,404.74084,3.4050837,399.04263,2016-01-01 00:33:43
4,-77.64846,125.245255,1451608507.8219607,26.956215,409.4909,3.54683,398.87863,2016-01-01 00:35:06
5,-81.4342,143.22995,1451608539.9725006,24.800102,409.1391,2.548243,398.6797,2016-01-01 00:35:38
6,-83.172424,128.8181,1451608549.1905556,26.940088,412.71274,4.0766635,398.64612,2016-01-01 00:35:47
7,-83.169876,128.88057,1451608553.9171844,25.889553,408.7391,3.9290245,398.64627,2016-01-01 00:35:52
8,-83.165985,128.95,1451608558.4097772,25.040377,416.30786,3.9813068,398.6465,2016-01-01 00:35:56
9,-80.97707,120.375404,1451608572.3550649,1.7685659,409.69833,3.9200432,398.67548,2016-01-01 00:36:10
10,-79.384575,100.92423,1451608590.7922611,26.94081,409.56158,3.6961858,398.6839,2016-01-01 00:36:29
11,-79.38664,100.92823,1451608595.2858999,25.849901,418.1896,3.7420676,398.68393,2016-01-01 00:36:33
12,-79.38778,100.94926,1451608600.011362,24.94954,412.85428,3.722407,398.68402,2016-01-01 00:36:38
13,-81.806496,104.206,1451608604.5049608,4.066544,410.59207,3.7115378,398.61816,2016-01-01 00:36:43
14,-81.8063,104.24781,1451608609.2311873,1.1480534,409.25378,4.3852096,398.61835,2016-01-01 00:36:47
15,-81.80516,104.29102,1451608613.724102,1.78611,406.5481,3.6927793,398.6185,2016-01-01 00:36:52
16,-84.23983,108.36925,1451608618.4502885,24.292768,409.15878,4.5729737,398.58545,2016-01-01 00:36:56
17,-84.23682,108.461365,1451608622.9428008,24.814201,401.0617,3.9572315,398.58575,2016-01-01 00:37:01
18,-84.23242,108.58071,1451608627.6683836,25.597403,408.4243,4.02681,398.5861,2016-01-01 00:37:06
19,-84.343956,82.299965,1451608632.1619823,26.922718,409.33923,3.8267472,398.63187,2016-01-01 00:37:10
20,-84.34743,82.361595,1451608636.888571,25.879787,416.45648,4.060757,398.63202,2016-01-01 00:37:15
21,-78.896965,73.73421,1451608678.257166,25.840435,400.35138,4.35209,398.7996,2016-01-01 00:37:56
22,-81.81521,44.93525,1451608719.8588715,25.868921,406.1097,4.314653,398.77878,2016-01-01 00:38:38
23,-76.418884,52.68072,1451608756.734994,26.908375,401.08987,5.1066084,398.98776,2016-01-01 00:39:15
24,-76.42119,52.67624,1451608761.228472,25.819115,396.42136,4.754198,398.98767,2016-01-01 00:39:19
25,-76.42447,52.679745,1451608765.9540548,24.923798,400.05414,5.379301,398.9876,2016-01-01 00:39:24
26,-77.67385,28.36136,1451608798.1045544,26.889654,396.3395,6.016783,398.93338,2016-01-01 00:39:56
27,-77.68019,28.363325,1451608802.8301775,25.856396,392.61755,6.0879326,398.93347,2016-01-01 00:40:01
28,-77.6905,28.377876,1451608807.323736,25.015709,392.16287,5.9958167,398.93353,2016-01-01 00:40:05
29,-76.42635,37.925224,1451608812.0492787,3.9901006,378.5552,1.9343581,398.869,2016-01-01 00:40:10
30,-74.72061,45.112373,1451608825.7619784,23.969446,399.85385,5.520937,398.96237,2016-01-01 00:40:24
31,-74.722694,45.121376,1451608830.4871588,24.447834,409.41495,5.2396154,398.96228,2016-01-01 00:40:28
32,-74.725525,45.135315,1451608834.9806771,25.191252,406.46826,4.894993,398.96222,2016-01-01 00:40:33
33,-72.79195,39.055798,1451608839.7063003,26.894814,397.41193,7.193949,399.09726,2016-01-01 00:40:38
34,-72.79798,39.051342,1451608848.9253612,24.90882,397.6283,7.0706654,399.09674,2016-01-01 00:40:47
35,-74.338264,32.201656,1451608853.417994,3.9634178,398.44223,7.188266,399.0915,2016-01-01 00:40:51
36,-74.34337,32.20765,1451608858.1440597,1.048745,399.50238,7.019475,399.0911,2016-01-01 00:40:56
37,-74.34978,32.219982,1451608862.637055,1.9032217,398.21356,7.0097914,399.09064,2016-01-01 00:41:01
38,-75.45776,23.68877,1451608867.3632412,24.334036,399.3307,5.7618833,399.0255,2016-01-01 00:41:05
39,-75.46702,23.703974,1451608871.8562365,24.87717,401.98233,5.6345215,399.02536,2016-01-01 00:41:10
40,-75.47692,23.72377,1451608876.5823827,25.673834,411.95978,5.7064533,399.0252,2016-01-01 00:41:15
41,-9.456875,160.00133,1451613223.0973706,24.13511,397.6185,1.1321173,399.8385,2016-01-01 01:53:41
42,-9.453231,160.00029,1451613227.8229535,24.694805,396.41776,1.0232661,399.83856,2016-01-01 01:53:46
43,-9.448044,159.99916,1451613232.3165922,25.529795,400.99814,1.0697439,399.83862,2016-01-01 01:53:50
44,-24.551607,156.37971,1451613472.0072656,24.089165,399.4692,1.7521334,399.65335,2016-01-01 01:57:50
45,-24.547783,156.37885,1451613476.7328486,24.62298,398.28162,1.8172072,399.65335,2016-01-01 01:57:55
46,-24.542776,156.37753,1451613481.2264874,25.431929,397.5887,1.617625,399.65338,2016-01-01 01:57:59
47,-65.9979,134.741,1451614149.712381,26.982288,408.93835,4.499544,399.38217,2016-01-01 02:09:08
48,-65.99738,134.74529,1451614154.2059393,25.880215,406.5189,4.7850676,399.38217,2016-01-01 02:09:12
49,-65.99678,134.74863,1451614158.9315624,24.97958,411.304,4.441829,399.38214,2016-01-01 02:09:17
50,-79.461685,127.58018,1451614357.0216565,26.954508,421.29172,3.951245,398.6983,2016-01-01 02:12:35
51,-79.449875,127.64362,1451614366.240798,25.045647,412.16092,4.1445827,398.69852,2016-01-01 02:12:44
52,-77.84958,117.97205,1451614380.1860855,1.7470526,425.9853,4.2913327,398.85547,2016-01-01 02:12:58
53,-79.595634,108.513054,1451614421.5541573,1.7486765,413.29935,3.359557,398.67377,2016-01-01 02:13:40
54,-81.4407,118.655846,1451614426.2792573,24.28272,408.60004,3.6109533,398.6678,2016-01-01 02:13:44
55,-81.42184,118.74592,1451614435.4983582,25.579725,411.7823,3.4824076,398.668,2016-01-01 02:13:53
56,-83.168625,104.35098,1451614444.7175398,25.891138,414.65207,4.1065526,398.62292,2016-01-01 02:14:03
57,-83.16515,104.41648,1451614449.2100523,25.043875,413.43204,4.0198374,398.62308,2016-01-01 02:14:07
58,-79.38381,76.39245,1451614481.5925763,26.941853,411.15436,3.29112,398.75394,2016-01-01 02:14:40
59,-79.38585,76.3957,1451614486.086175,25.851732,407.12836,3.2542045,398.75388,2016-01-01 02:14:44
60,-79.38697,76.41773,1451614490.8117578,24.950563,403.99594,3.2429793,398.75385,2016-01-01 02:14:49
61,-81.81082,20.38494,1451614605.9319944,26.908342,404.93332,4.5152235,398.8688,2016-01-01 02:16:44
62,-81.8172,20.40342,1451614610.6570945,25.869808,401.41428,4.6770573,398.86905,2016-01-01 02:16:49
63,-81.826004,20.443111,1451614615.150693,25.026018,405.10562,4.48255,398.86926,2016-01-01 02:16:53
64,-76.42046,28.147917,1451614647.533177,26.908491,396.59,5.7456098,398.96725,2016-01-01 02:17:25
65,-76.42217,28.140232,1451614652.0267754,25.822744,400.29968,5.443178,398.96725,2016-01-01 02:17:30
66,-76.42576,28.145672,1451614656.7523584,24.925797,399.3739,5.530347,398.96725,2016-01-01 02:17:35
67,-78.35108,20.997559,1451614661.2448707,4.0111275,401.8518,5.095646,398.87897,2016-01-01 02:17:39
68,-78.35652,21.015703,1451614665.9714594,1.0862324,398.41693,5.0192814,398.87894,2016-01-01 02:17:44
69,-78.361015,21.034336,1451614670.4639719,1.8468336,403.966,5.222511,398.87894,2016-01-01 02:17:49
70,-79.88899,10.625974,1451614675.1901581,24.322096,405.07446,5.439245,398.9013,2016-01-01 02:17:53
71,-79.898476,10.663461,1451614679.6831937,24.860048,404.97876,5.2550244,398.94745,2016-01-01 02:17:58
72,-79.90654,10.700367,1451614684.4082937,25.647528,400.93475,4.6428156,398.9474,2016-01-01 02:18:02
73,-77.68432,3.8289304,1451614693.6273947,25.850769,405.69073,6.532964,399.00327,2016-01-01 02:18:12
74,-76.42847,13.388377,1451614702.8465762,3.9947727,403.7928,5.3064857,399.0241,2016-01-01 02:18:21
75,-76.43472,13.404175,1451614707.3400946,1.0611202,401.74936,5.1967983,399.0241,2016-01-01 02:18:25
76,-76.43946,13.416606,1451614712.065275,1.8708558,405.94772,5.0511723,399.0241,2016-01-01 02:18:30
77,-74.72257,20.577301,1451614716.559276,23.969526,405.04718,5.098973,399.08258,2016-01-01 02:18:35
78,-74.72517,20.588078,1451614721.2843761,24.44893,403.0019,4.974049,399.08252,2016-01-01 02:18:39
79,-74.728096,20.602839,1451614725.7773712,25.19388,409.9951,4.94078,399.0825,2016-01-01 02:18:44
80,-72.7945,14.520074,1451614730.503477,26.893503,396.73077,5.556544,399.09036,2016-01-01 02:18:48
81,-72.79702,14.515464,1451614734.99607,25.802681,403.1544,5.796229,399.09018,2016-01-01 02:18:53
82,-72.800606,14.515623,1451614739.7226186,24.90788,394.54837,5.4762154,399.08994,2016-01-01 02:18:58
83,-74.341095,7.664327,1451614744.2151308,3.9619958,399.91748,6.1769385,399.04245,2016-01-01 02:19:02
84,-74.346504,7.6711783,1451614748.9408345,1.0441251,398.7095,6.0362983,399.04233,2016-01-01 02:19:07
85,-74.35193,7.6811223,1451614753.4343123,1.895854,399.7291,6.01109,399.0422,2016-01-01 02:19:11
86,52.15254,158.09433,1451618076.9459174,24.057697,404.99548,4.78006,400.0675,2016-01-01 03:14:35
87,52.152466,158.0939,1451618081.4394758,24.611593,410.90506,4.7088814,400.06567,2016-01-01 03:14:39
88,52.149048,158.09161,1451618086.1655414,25.414831,410.6028,4.5856977,400.04642,2016-01-01 03:14:44
89,15.414683,143.2223,1451618685.3939548,3.66615,402.06253,4.327219,400.62204,2016-01-01 03:24:43
90,-9.850697,137.8553,1451619104.7373652,0.78901255,401.0971,1.6860772,399.81952,2016-01-01 03:31:43
91,-14.4969635,134.31285,1451619196.9258814,24.118057,397.38495,0.8366796,398.5286,2016-01-01 03:33:15
92,-14.4935875,134.31155,1451619201.6519876,24.671644,397.63025,0.86354125,398.52853,2016-01-01 03:33:20
93,-14.489634,134.3101,1451619206.145586,25.495205,400.4616,0.91459113,398.52844,2016-01-01 03:33:24
94,-17.032326,133.7247,1451619210.871169,26.937817,399.34784,0.9371373,399.7136,2016-01-01 03:33:29
95,-17.030338,133.72432,1451619215.3636813,25.821102,399.31042,0.9601507,399.71362,2016-01-01 03:33:33
96,-17.028028,133.7238,1451619220.089747,24.919436,398.08,0.9274411,399.71362,2016-01-01 03:33:38
97,-17.42639,136.2017,1451619224.5827823,3.8719106,397.53503,1.049593,398.42133,2016-01-01 03:33:43
98,-17.423433,136.2015,1451619229.3089688,0.87409425,396.56705,1.0491797,398.42133,2016-01-01 03:33:47
99,-17.417645,136.2011,1451619233.8019638,2.1572165,398.0049,0.9209164,398.42133,2016-01-01 03:33:52
100,-19.53003,133.11153,1451619279.8961818,24.103447,399.61597,0.6691352,399.70227,2016-01-01 03:34:38
101,-19.526033,133.11063,1451619284.6222878,24.647451,400.076,0.63594383,399.7023,2016-01-01 03:34:43
102,-19.521074,133.10938,1451619289.1148806,25.46549,399.97412,0.73050165,399.70233,2016-01-01 03:34:47
103,-30.002972,133.20038,1451619436.617601,0.99382025,401.59882,0.5822058,399.68613,2016-01-01 03:37:15
104,-29.997019,133.20013,1451619441.3437872,2.015636,400.61316,0.57098174,399.68613,2016-01-01 03:37:19
105,-29.55932,130.45932,1451619445.8367825,24.071936,400.12128,0.72143424,399.6769,2016-01-01 03:37:24
106,-29.5497,130.45744,1451619455.0554812,25.398853,402.59412,0.80479497,399.6772,2016-01-01 03:37:33
107,-33.08579,135.34412,1451619487.437965,24.163391,402.39856,0.7251622,399.69742,2016-01-01 03:38:05
108,-33.07664,135.3443,1451619491.9309602,24.71476,403.21927,0.73577535,399.69742,2016-01-01 03:38:10
109,-33.06867,135.34361,1451619496.657066,25.527855,402.16373,0.69578975,399.69745,2016-01-01 03:38:15
110,-79.45815,103.0678,1451620252.606979,25.901346,411.20465,3.5743084,398.65308,2016-01-01 03:50:51
111,-84.240524,59.308125,1451620400.1092567,24.29249,411.1288,2.7288094,398.58557,2016-01-01 03:53:18
112,-84.34604,33.24262,1451620413.8213933,26.91817,372.44672,1.6399088,398.62073,2016-01-01 03:53:32
113,-84.34938,33.298912,1451620418.5464933,25.877983,373.3501,1.7217563,398.6204,2016-01-01 03:53:36
114,-84.35256,33.376274,1451620423.040092,25.036093,374.0253,1.7810963,398.61993,2016-01-01 03:53:41
115,-83.454895,11.425106,1451620483.0795572,24.305487,402.76236,2.8137932,398.68686,2016-01-01 03:54:41
116,-83.46037,11.505388,1451620487.5725925,24.836359,403.66702,2.6409059,398.6867,2016-01-01 03:54:46
117,-83.465935,11.60075,1451620492.2976925,25.62331,398.40842,3.4444656,398.68655,2016-01-01 03:54:50
118,-81.81197,-4.166505,1451620496.7916937,26.905502,395.48355,3.5603864,398.92795,2016-01-01 03:54:55
119,-81.81703,-4.1569304,1451620501.516874,25.873579,396.27066,3.2690303,398.92795,2016-01-01 03:54:59
120,-81.82716,-4.1084843,1451620506.0103922,25.024197,397.85364,3.6585066,398.92783,2016-01-01 03:55:04
121,-80.01376,6.69931,1451620510.7359753,4.0281105,400.0632,4.8461456,398.88535,2016-01-01 03:55:09
122,-80.01839,6.728799,1451620515.2284875,1.1008285,391.8386,3.1125033,398.88528,2016-01-01 03:55:13
123,-80.022285,6.7568297,1451620519.9540706,1.8346372,395.261,3.928357,398.88525,2016-01-01 03:55:18
124,-76.4203,3.5934517,1451620538.3928761,26.915245,373.1751,1.7413268,398.93713,2016-01-01 03:55:36
125,-76.423615,3.5944192,1451620542.8858712,25.820032,372.63852,2.1823802,398.93716,2016-01-01 03:55:41
126,-76.42714,3.5994937,1451620547.611092,24.924343,373.32565,1.596495,398.93713,2016-01-01 03:55:46
127,-78.35179,-3.5543334,1451620552.10457,4.0121408,407.02603,6.056976,398.92654,2016-01-01 03:55:50
128,-78.35803,-3.5312757,1451620556.830193,1.0750587,402.8472,6.09561,398.92648,2016-01-01 03:55:55
129,-78.36193,-3.5154872,1451620561.3237514,1.8499534,400.51172,6.084774,398.92642,2016-01-01 03:55:59
130,-79.88865,-13.929989,1451620566.0495758,24.319168,389.60443,2.3964155,399.09293,2016-01-01 03:56:04
131,-79.89789,-13.893626,1451620570.541887,24.855515,391.4085,2.3958457,399.0922,2016-01-01 03:56:09
132,-79.90575,-13.857467,1451620575.2679527,25.641155,395.8468,2.4537957,399.09143,2016-01-01 03:56:13
133,-77.67544,-20.732496,1451620579.7609477,26.89593,387.15927,6.092347,399.15625,2016-01-01 03:56:18
134,-77.683975,-20.72488,1451620584.4871745,25.852797,400.33298,6.199663,399.1564,2016-01-01 03:56:22
135,-77.69217,-20.71552,1451620588.980411,25.018646,395.57327,5.815696,399.15652,2016-01-01 03:56:27
136,-74.722694,-3.9737542,1451620607.4180098,23.970232,401.90903,3.4956264,399.01144,2016-01-01 03:56:45
137,-74.725784,-3.961434,1451620612.1440754,24.449888,402.957,3.5253177,399.01138,2016-01-01 03:56:50
138,-74.72847,-3.9474802,1451620616.6370704,25.19389,401.68497,3.3266666,399.01132,2016-01-01 03:56:55
139,-72.7945,-10.030854,1451620621.3620498,26.896984,397.96942,6.9992537,399.30896,2016-01-01 03:56:59
140,-72.79813,-10.032345,1451620625.8558898,25.800714,398.72797,7.319004,399.3089,2016-01-01 03:57:04
141,-75.46036,-25.403257,1451620649.0195944,24.331701,401.6465,6.584873,399.4211,2016-01-01 03:57:27
142,-75.46998,-25.38733,1451620653.5123081,24.874556,394.9198,6.2825365,399.42117,2016-01-01 03:57:32
143,-75.480774,-25.365753,1451620658.2382128,25.67334,394.41315,6.2306085,399.42123,2016-01-01 03:57:36
144,48.45152,124.188324,1451624023.1348276,26.849298,399.58707,4.3908854,400.1687,2016-01-01 04:53:41
145,48.45209,124.18549,1451624027.6279032,25.773966,401.80237,4.5749316,400.16806,2016-01-01 04:53:46
146,48.453037,124.18305,1451624032.3539286,24.909721,406.1729,4.6708117,400.16763,2016-01-01 04:53:50
147,42.3381,129.04161,1451624133.7615862,24.063404,407.0977,2.7899384,400.13718,2016-01-01 04:55:32
148,42.337852,129.04085,1451624138.2540987,24.630371,402.91385,2.4786985,400.13522,2016-01-01 04:55:36
149,42.336044,129.0394,1451624142.9806874,25.452467,404.20425,2.447838,400.1307,2016-01-01 04:55:41
150,40.96086,121.9951,1451624175.1302214,24.1911,410.61374,1.5113391,400.82535,2016-01-01 04:56:13
151,40.9637,121.994675,1451624179.8558042,24.749352,411.23358,1.4564825,400.82523,2016-01-01 04:56:18
152,28.3916,118.94985,1451624355.0144598,26.842865,410.68057,2.4897096,400.56277,2016-01-01 04:59:13
153,28.39201,118.94762,1451624359.5080986,25.759485,403.24002,2.2793472,400.56116,2016-01-01 04:59:18
154,28.395334,118.94627,1451624364.2341642,24.883389,410.60297,2.3267207,400.56027,2016-01-01 04:59:22
155,25.07992,121.2317,1451624387.1649995,21.745132,401.51505,1.4840901,400.8325,2016-01-01 04:59:45
156,24.805218,121.13502,1451624391.8905826,21.722364,404.20267,1.6585042,400.76672,2016-01-01 04:59:50
157,23.432016,120.65734,1451624414.8213773,21.642946,403.78525,1.785459,400.74686,2016-01-01 05:00:13
158,22.88288,120.46864,1451624424.041082,21.627329,407.57806,1.5734036,400.89148,2016-01-01 05:00:22
159,12.080373,120.191475,1451624594.7062597,29.379765,391.57684,1.0425978,400.56183,2016-01-01 05:03:13
160,10.675776,119.483025,1451624617.637095,27.802608,384.2248,0.86981034,400.5034,2016-01-01 05:03:36
161,8.566311,117.431046,1451624659.2382774,21.644594,395.86923,1.0114591,400.41788,2016-01-01 05:04:17
162,8.061041,117.24291,1451624668.457459,21.20702,399.04535,1.3771285,400.40442,2016-01-01 05:04:26
163,4.6415706,118.19024,1451624728.2643766,23.34503,397.88074,1.0902153,400.2615,2016-01-01 05:05:26
164,-77.85321,68.88591,1451626157.193701,1.2021947,406.68503,2.8378382,398.91132,2016-01-01 05:29:15
165,-84.35473,8.881234,1451626313.914597,25.035944,373.44308,1.7183336,398.57397,2016-01-01 05:31:52
166,-81.912506,12.655924,1451626318.6407833,4.0570426,400.77768,3.0205035,398.74576,2016-01-01 05:31:57
167,-81.91356,12.692667,1451626323.1343017,1.1450279,403.18643,3.3178434,398.7457,2016-01-01 05:32:01
168,-81.914505,12.742029,1451626327.8598442,1.7969197,404.50314,3.128962,398.7456,2016-01-01 05:32:06
169,-79.44297,13.507671,1451626332.3523567,23.9789,401.4807,2.7202055,398.92252,2016-01-01 05:32:10
170,-78.90001,0.13567217,1451626346.2976842,26.931309,401.76978,2.9515994,398.91513,2016-01-01 05:32:24
171,-78.902954,0.14368577,1451626350.7906795,25.834457,405.85132,3.6102767,398.91513,2016-01-01 05:32:29
172,-78.90525,0.14860526,1451626355.5168657,24.94118,401.6975,3.206055,398.91513,2016-01-01 05:32:33
173,-81.27334,-4.116258,1451626369.2284794,1.8120146,404.9079,3.7811737,398.96292,2016-01-01 05:32:47
174,-80.02681,-17.768475,1451626410.830225,1.8378596,407.4428,6.2039404,399.09155,2016-01-01 05:33:29
175,-76.42472,-20.943037,1451626429.267019,26.919489,399.47302,6.794907,399.2041,2016-01-01 05:33:47
176,-76.427734,-20.943132,1451626433.7600543,25.825264,399.72794,6.645374,399.20367,2016-01-01 05:33:52
177,-76.43186,-20.935316,1451626438.4861202,24.925228,402.92276,6.59252,399.20297,2016-01-01 05:33:56
178,-79.89463,-38.46,1451626456.9241211,24.319695,387.58066,4.192504,399.35498,2016-01-01 05:34:15
179,-79.90249,-38.42931,1451626461.416875,24.854078,391.59912,4.3345194,399.355,2016-01-01 05:34:19
180,-79.91101,-38.3907,1451626466.1431015,25.642433,394.77414,4.193144,399.355,2016-01-01 05:34:24
181,48.449093,99.641525,1451629914.0693605,26.855135,392.5529,5.1183443,398.3757,2016-01-01 06:31:52
182,48.450832,99.63901,1451629918.5622752,25.775417,399.2424,5.2694683,398.37662,2016-01-01 06:31:57
183,48.451046,99.63626,1451629923.2884617,24.913816,389.6424,4.4492264,398.37485,2016-01-01 06:32:01
184,48.018723,103.17462,1451629927.7814567,3.7254417,396.8052,2.6543283,399.18054,2016-01-01 06:32:06
185,48.017193,103.17299,1451629932.5075626,0.78103673,398.91296,2.5080202,399.18976,2016-01-01 06:32:10
186,48.01706,103.171326,1451629937.0011613,2.1967,396.58002,2.5335443,399.19516,2016-01-01 06:32:15
187,47.268044,106.56067,1451629941.7267845,24.059826,400.08655,7.297418,398.28754,2016-01-01 06:32:20
188,47.265076,106.558235,1451629950.9459257,25.434706,400.69846,7.2926297,398.2892,2016-01-01 06:32:29
189,42.336937,104.496124,1451630024.6970847,24.06206,400.3894,1.5850705,399.64697,2016-01-01 06:33:43
190,42.33603,104.49521,1451630029.1905627,24.628029,400.74954,1.7236048,399.64825,2016-01-01 06:33:47
191,42.335243,104.49409,1451630033.9161859,25.452295,401.62762,1.6749611,399.64932,2016-01-01 06:33:52
192,39.875988,103.58774,1451630038.408658,26.64987,400.82925,1.4184891,399.77084,2016-01-01 06:33:56
193,39.872517,103.58444,1451630043.1348846,25.585297,399.9027,1.5449116,399.7791,2016-01-01 06:34:01
194,39.869698,103.58149,1451630047.6288855,24.733025,400.5233,1.3490443,399.78543,2016-01-01 06:34:06
195,38.443737,96.80423,1451630080.0103636,26.836523,401.42514,2.0350492,398.23892,2016-01-01 06:34:38
196,38.44295,96.801414,1451630084.5040023,25.76335,402.07004,2.0558498,398.23703,2016-01-01 06:34:43
197,38.44549,96.79958,1451630089.229062,24.89406,400.36365,1.9227359,398.2404,2016-01-01 06:34:47
198,38.052307,99.800865,1451630093.7231035,3.6809993,398.40744,1.6259524,398.30457,2016-01-01 06:34:52
199,38.05389,99.80028,1451630098.4481633,0.69447935,398.0821,1.7439787,398.30292,2016-01-01 06:34:56
200,38.05272,99.79825,1451630102.941802,2.283634,398.70364,1.7476498,398.3042,2016-01-01 06:35:01
201,37.375244,102.70493,1451630107.6673448,24.06495,403.00327,1.9470744,398.7613,2016-01-01 06:35:06
202,37.376015,102.70426,1451630112.160863,24.637905,403.53525,1.9388773,398.7634,2016-01-01 06:35:10
203,37.375576,102.703125,1451630116.886486,25.469109,404.1056,1.8789537,398.7631,2016-01-01 06:35:15
204,34.899223,101.90254,1451630121.3800848,26.652779,400.33948,2.279986,398.39432,2016-01-01 06:35:19
205,34.895195,101.899414,1451630126.1051848,25.588211,400.59265,2.1632736,398.39587,2016-01-01 06:35:24
206,34.893856,101.897156,1451630130.59818,24.729662,399.50525,2.060229,398.39682,2016-01-01 06:35:29
207,35.55004,99.07481,1451630135.324286,3.661762,399.04724,1.5102172,398.25418,2016-01-01 06:35:33
208,35.550434,99.07293,1451630139.818287,0.6865516,399.27344,1.9192437,398.25546,2016-01-01 06:35:38
209,35.5495,99.070915,1451630144.5434675,2.295507,401.7721,1.4136213,398.2568,2016-01-01 06:35:42
210,35.94387,96.16345,1451630149.0369856,24.197598,402.33783,1.6738499,398.20605,2016-01-01 06:35:47
211,35.94887,96.16355,1451630153.7625685,24.76538,400.73715,1.5441397,398.20963,2016-01-01 06:35:52
212,35.95081,96.162445,1451630158.255081,25.593792,399.4488,1.5678085,398.21143,2016-01-01 06:35:56
213,33.4217,95.5667,1451630162.98171,26.838728,403.5274,1.988456,398.16907,2016-01-01 06:36:01
214,33.423584,95.56475,1451630167.4742625,25.753145,403.75198,1.7454219,398.16934,2016-01-01 06:36:06
215,33.428093,95.563545,1451630172.2003684,24.878159,403.964,1.9704891,398.16968,2016-01-01 06:36:10
216,33.042686,98.379524,1451630176.6933634,3.6637774,403.19052,1.6071371,398.36707,2016-01-01 06:36:15
217,33.043587,98.37865,1451630181.41955,0.679683,401.86578,1.751907,398.36722,2016-01-01 06:36:19
218,33.04439,98.37725,1451630185.9125853,2.324059,402.64267,1.4939135,398.36868,2016-01-01 06:36:24
219,32.390663,101.114044,1451630195.13229,24.642244,409.7538,2.3733633,398.61176,2016-01-01 06:36:33
220,32.3932,101.113716,1451630199.857752,25.487219,417.96533,2.30755,398.61002,2016-01-01 06:36:38
221,25.50422,96.45467,1451630301.2659729,3.6504815,398.74948,1.8321261,400.66602,2016-01-01 06:38:19
222,25.505896,96.45308,1451630305.7589679,0.65498805,396.6806,1.7265061,400.66623,2016-01-01 06:38:24
223,25.506832,96.451775,1451630310.4850338,2.3558016,398.49997,1.6675996,400.66638,2016-01-01 06:38:28
224,25.885172,93.83486,1451630314.9786725,24.199894,398.91443,1.0961196,400.64664,2016-01-01 06:38:33
225,25.888525,93.83407,1451630319.704175,24.77431,398.78378,1.0165207,400.64722,2016-01-01 06:38:38
226,25.892138,93.833275,1451630324.1967678,25.61556,399.7182,1.0154386,400.64774,2016-01-01 06:38:42
227,23.352528,93.29503,1451630328.9223506,26.845371,398.05234,1.783046,400.41116,2016-01-01 06:38:47
228,23.353176,93.2929,1451630333.4158688,25.758984,402.70496,1.8204631,400.14508,2016-01-01 06:38:51
229,23.36077,93.29256,1451630338.1420553,24.869291,402.2539,1.6504606,400.4171,2016-01-01 06:38:56
230,22.987028,95.85261,1451630342.6350102,3.644575,400.9912,1.0406448,400.54968,2016-01-01 06:39:01
231,22.98849,95.85186,1451630347.3611565,0.6473912,400.22635,1.0588679,400.54965,2016-01-01 06:39:05
232,22.98848,95.85019,1451630351.8541515,2.3536253,401.29736,1.0075083,400.54932,2016-01-01 06:39:10
233,19.860659,97.73558,1451630370.2919512,26.682861,400.5813,1.3205948,400.7615,2016-01-01 06:39:28
234,19.859022,97.733665,1451630375.0175743,25.60228,400.55386,1.3335545,400.7614,2016-01-01 06:39:33
235,19.856867,97.731674,1451630379.5110927,24.74129,401.1639,1.353258,400.7609,2016-01-01 06:39:38
236,20.466381,95.26758,1451630384.2362733,3.6513548,397.4771,1.1047093,400.83484,2016-01-01 06:39:42
237,20.46795,95.26585,1451630388.7292683,0.65432775,400.0941,1.034141,400.8346,2016-01-01 06:39:47
238,20.46964,95.2646,1451630393.4553742,2.3658626,400.4401,0.9873186,400.83447,2016-01-01 06:39:51
239,20.84452,92.745316,1451630397.948973,24.195713,399.3228,1.2653319,400.64465,2016-01-01 06:39:56
240,20.84881,92.74449,1451630402.6745155,24.775742,398.49426,1.2352722,400.64563,2016-01-01 06:40:01
241,20.85317,92.74364,1451630407.168074,25.623915,400.66757,1.2253972,400.64645,2016-01-01 06:40:05
242,17.343407,97.11818,1451630439.550598,24.081566,403.2126,1.066522,400.7764,2016-01-01 06:40:37
243,17.34713,97.11777,1451630444.0441563,24.672829,404.62387,1.0694929,400.77585,2016-01-01 06:40:42
244,17.348856,97.11672,1451630448.7697794,25.524052,403.467,1.0566807,400.77554,2016-01-01 06:40:47
245,-2.266694,90.37016,1451630757.4885635,3.7499032,399.28897,1.9114432,400.042,2016-01-01 06:45:56
246,-2.2637985,90.369835,1451630762.213704,0.7378712,399.23376,2.732226,400.04208,2016-01-01 06:46:00
247,-7.320825,89.305336,1451630840.458864,3.7848012,399.79965,1.3550152,399.87683,2016-01-01 06:47:19
248,-7.3183475,89.30506,1451630845.1850505,0.78033984,401.50934,1.6993258,399.8769,2016-01-01 06:47:23
249,-78.75494,15.998054,1451632149.5520651,25.1891,409.20258,2.3633397,398.9525,2016-01-01 07:09:08
250,-79.38635,2.8027532,1451632154.2771652,26.951258,406.79813,2.5825381,398.90256,2016-01-01 07:09:12
251,-79.38802,2.8191612,1451632158.7702007,25.852062,403.7815,2.4972184,398.90244,2016-01-01 07:09:17
252,-79.389275,2.8377476,1451632163.496387,24.952755,406.9295,2.4755619,398.9023,2016-01-01 07:09:21
253,-81.80809,6.11189,1451632167.9898648,4.076829,396.87888,2.4237313,398.86545,2016-01-01 07:09:26
254,-81.80757,6.1549587,1451632172.715488,1.1567223,401.83264,2.9456642,398.86523,2016-01-01 07:09:31
255,-81.80634,6.2013984,1451632177.2090867,1.7817315,400.65176,2.5244658,398.865,2016-01-01 07:09:35
256,-84.24088,10.31949,1451632181.9345489,24.293865,408.91483,2.9278302,398.5754,2016-01-01 07:09:40
257,-84.23667,10.440373,1451632186.4281878,24.81882,407.38983,2.5829325,398.5754,2016-01-01 07:09:44
258,-84.35355,-15.706278,1451632200.3724694,25.880806,384.06583,2.077812,398.72852,2016-01-01 07:09:58
259,-81.91389,-11.857332,1451632209.5915704,4.058691,397.36798,3.0912192,398.78952,2016-01-01 07:10:08
260,-81.91507,-11.816618,1451632214.085169,1.1416115,403.33792,3.0023994,398.7894,2016-01-01 07:10:12
261,-81.91593,-11.768875,1451632218.8106716,1.79729,402.26373,3.0493405,398.78925,2016-01-01 07:10:17
262,-79.44384,-11.012715,1451632223.3032644,23.978777,413.53287,3.3835173,399.00876,2016-01-01 07:10:21
263,-81.269554,-28.714375,1451632250.9602456,4.05772,394.86768,4.0731726,399.16168,2016-01-01 07:10:49
264,-81.273155,-28.6741,1451632255.6857884,1.1287941,394.5601,4.079104,399.16098,2016-01-01 07:10:54
265,-81.276024,-28.633991,1451632260.1794271,1.8107216,389.105,3.8734083,399.16028,2016-01-01 07:10:58
266,-83.46299,-37.597187,1451632264.9049296,24.307829,403.7883,4.054334,399.06055,2016-01-01 07:11:03
267,-83.468185,-37.5169,1451632269.398488,24.837132,403.0651,4.102754,399.06027,2016-01-01 07:11:07
268,-83.47312,-37.43021,1451632274.123588,25.620853,399.20032,3.797231,399.05994,2016-01-01 07:11:12
269,-81.81998,-53.228287,1451632278.6175892,26.911133,403.80945,5.293611,399.32068,2016-01-01 07:11:17
270,-81.82699,-53.2058,1451632283.3427296,25.869333,391.7499,5.1465816,399.3207,2016-01-01 07:11:21
271,-81.83557,-53.167217,1451632287.835765,25.026012,396.11377,5.261956,399.32074,2016-01-01 07:11:26
272,-79.8982,-62.999912,1451632347.8763566,24.317907,391.8821,4.2273216,399.3994,2016-01-01 07:12:26
273,-79.908844,-62.958508,1451632352.3687482,24.858559,398.58704,4.1331167,399.39944,2016-01-01 07:12:30
274,-79.91743,-62.919662,1451632357.0949748,25.648438,398.32062,3.9972715,399.39944,2016-01-01 07:12:35
275,53.423363,76.8054,1451635722.1705868,26.865719,404.5945,3.4702792,400.3586,2016-01-01 08:08:40
276,53.42484,76.8026,1451635726.663582,25.78789,403.2932,3.6002781,400.35852,2016-01-01 08:08:45
277,53.4234,76.79899,1451635731.3899293,24.930422,401.15836,3.7316036,400.35864,2016-01-01 08:08:49
278,52.956936,80.72781,1451635735.8832061,3.7711082,407.91083,3.900188,400.34903,2016-01-01 08:08:54
279,52.956417,80.726616,1451635740.6089096,0.8208657,403.85162,3.967647,400.34885,2016-01-01 08:08:59
280,52.955643,80.7246,1451635745.1014624,2.1432567,409.40237,4.158942,400.34857,2016-01-01 08:09:03
281,44.818977,80.958694,1451635846.5131834,26.652954,397.86478,3.0343323,398.98215,2016-01-01 08:10:45
282,44.81514,80.95488,1451635851.2382433,25.591387,397.733,2.9032762,398.9772,2016-01-01 08:10:49
283,44.810684,80.950806,1451635855.7322845,24.743036,400.70462,2.80567,398.9706,2016-01-01 08:10:54
284,45.528313,77.69764,1451635860.4575052,3.7206075,404.34512,4.14638,400.43436,2016-01-01 08:10:58
285,45.529137,77.6958,1451635864.9510636,0.7511671,400.91183,3.9124985,400.43512,2016-01-01 08:11:03
286,45.528072,77.69372,1451635869.6765661,2.2194107,403.74887,3.5414326,400.4364,2016-01-01 08:11:08
287,43.447132,73.5967,1451635892.608367,25.772263,405.58432,1.8558575,400.43454,2016-01-01 08:11:31
288,43.449066,73.59455,1451635897.3345935,24.905819,405.48624,2.1873677,400.43402,2016-01-01 08:11:35
289,42.33136,79.94814,1451635915.7717495,24.05956,415.1047,4.371963,398.09296,2016-01-01 08:11:54
290,42.330936,79.947334,1451635920.2653885,24.62655,416.3069,4.227478,398.09277,2016-01-01 08:11:58
291,42.3298,79.946106,1451635924.9919772,25.450708,410.58517,4.061754,398.09192,2016-01-01 08:12:03
292,40.545773,76.02057,1451635943.4297771,3.6835682,408.70715,2.8241744,398.28647,2016-01-01 08:12:21
293,40.54675,76.0189,1451635947.9227722,0.70798,412.80304,4.220924,398.2887,2016-01-01 08:12:26
294,40.545578,76.01682,1451635952.648878,2.2676418,406.39694,2.9206243,398.2893,2016-01-01 08:12:31
295,37.36971,78.15744,1451635998.7441823,24.06255,402.763,1.3568294,399.6087,2016-01-01 08:13:17
296,37.369137,78.156296,1451636003.2376602,24.632355,401.03552,1.5433903,399.6084,2016-01-01 08:13:21
297,37.369846,78.15565,1451636007.964249,25.46766,402.2535,1.4235989,399.60947,2016-01-01 08:13:26
298,35.938343,71.616325,1451636040.113783,24.199438,444.3149,4.685888,398.54077,2016-01-01 08:13:58
299,35.94182,71.615715,1451636044.840412,24.766169,443.29285,5.020561,398.5583,2016-01-01 08:14:03
300,29.892284,75.84226,1451636100.1553802,25.586973,402.29922,1.8914292,400.85776,2016-01-01 08:14:58
301,29.89044,75.84003,1451636104.6483352,24.728436,401.77548,1.6370838,400.85773,2016-01-01 08:15:03
302,30.526749,73.16806,1451636109.3744814,3.6534188,401.7741,1.6005746,400.89948,2016-01-01 08:15:07
303,30.527086,73.1662,1451636113.8674765,0.6759725,400.41388,1.3541073,400.89948,2016-01-01 08:15:12
304,30.528307,73.16479,1451636118.5925767,2.333565,402.20834,1.4943765,400.89944,2016-01-01 08:15:17
305,30.913454,70.42074,1451636123.0861754,24.202507,402.10684,1.1302748,400.79422,2016-01-01 08:15:21
306,30.91644,70.420006,1451636127.8127642,24.77266,401.6384,1.1870291,400.79364,2016-01-01 08:15:26
307,25.883362,69.28729,1451636210.7840703,24.777784,403.86533,1.4114789,400.94278,2016-01-01 08:16:49
308,25.886656,69.28638,1451636215.277669,25.619066,404.96426,1.3735753,400.94284,2016-01-01 08:16:53
309,23.346045,68.74798,1451636220.0042577,26.847458,400.34488,0.98806006,400.8668,2016-01-01 08:16:58
310,23.346325,68.74583,1451636224.49677,25.762297,400.43494,0.9749167,400.86688,2016-01-01 08:17:03
311,23.353342,68.745384,1451636229.2229161,24.873611,400.1564,0.9645804,400.8665,2016-01-01 08:17:07
312,22.979792,71.30579,1451636233.7158709,3.6553237,401.00668,1.1937422,400.84012,2016-01-01 08:17:12
313,22.981194,71.30485,1451636238.4420574,0.6597388,401.3282,0.94165146,400.84027,2016-01-01 08:17:16
314,22.983644,71.30378,1451636242.9350524,2.367358,401.56262,0.9488831,400.84055,2016-01-01 08:17:21
315,22.365786,73.8071,1451636247.6611586,24.076464,400.97403,0.90445995,400.82953,2016-01-01 08:17:26
316,22.367895,73.80644,1451636252.1537914,24.662832,400.3887,0.9181926,400.82938,2016-01-01 08:17:30
317,22.369167,73.80533,1451636256.8792536,25.509798,399.88107,0.88603175,400.82928,2016-01-01 08:17:35
318,17.634604,76.06607,1451636307.4691625,46.915142,369.84537,7.2380815,400.59033,2016-01-01 08:18:26
319,17.937017,70.14929,1451636312.1952682,6.6405973,400.71582,4.580027,400.64883,2016-01-01 08:18:30
320,-2.272591,65.82381,1451636648.5766263,3.7500968,397.7998,2.8815742,400.0308,2016-01-01 08:24:07
321,-49.929974,53.19681,1451637446.14816,1.8103081,396.5383,2.5744188,399.3289,2016-01-01 08:37:24
322,-71.75387,35.933193,1451637814.913088,3.7552652,435.15527,4.8481517,399.19705,2016-01-01 08:43:33
323,-77.648796,2.572593,1451637971.6386914,24.96857,413.27313,3.7790532,398.97104,2016-01-01 08:46:10
324,-79.60214,10.313576,1451637976.1311636,4.1023874,415.15118,3.5368638,398.90656,2016-01-01 08:46:14
325,-83.16913,6.2231803,1451638008.5147738,25.891384,405.52197,2.5397117,398.6483,2016-01-01 08:46:46
326,-83.16383,6.310161,1451638013.0083725,25.035898,410.23325,2.5397189,398.69864,2016-01-01 08:46:51
327,-79.386475,-21.760567,1451638045.3908966,26.943617,399.6183,3.4020875,399.11606,2016-01-01 08:47:23
328,-79.388374,-21.75092,1451638049.8848975,25.849182,395.78015,3.3339427,399.11633,2016-01-01 08:47:28
329,-81.80831,-18.4557,1451638059.1035962,4.059778,408.19656,3.0907342,398.9812,2016-01-01 08:47:37
330,-81.91323,-36.429195,1451638100.7062674,4.0477066,408.3589,4.509757,399.12433,2016-01-01 08:48:19
331,-81.914276,-36.39483,1451638105.1998258,1.1399273,408.67624,4.3420258,399.12424,2016-01-01 08:48:23
332,-81.91514,-36.35341,1451638109.9253683,1.7899766,407.13733,4.324011,399.1241,2016-01-01 08:48:28
333,-79.44296,-35.584255,1451638114.418967,23.978664,392.58954,2.9438999,399.31488,2016-01-01 08:48:32
334,-79.442795,-35.566147,1451638119.1441073,24.448626,395.53665,2.9874117,399.31488,2016-01-01 08:48:37
335,-79.442085,-35.545914,1451638123.6381083,25.181675,395.88147,2.9145067,399.31485,2016-01-01 08:48:42
336,-78.899994,-48.956158,1451638128.3633292,26.931261,395.1218,2.856834,399.34113,2016-01-01 08:48:46
337,-78.9026,-48.95325,1451638132.8572898,25.83809,399.14194,3.0791423,399.34097,2016-01-01 08:48:51
338,-78.90543,-48.93956,1451638137.583396,24.939672,399.7684,3.169989,399.34067,2016-01-01 08:48:56
339,-81.26835,-53.275047,1451638142.0759082,4.0345755,395.0806,4.6351895,399.36176,2016-01-01 08:49:00
340,-81.27177,-53.23849,1451638146.8015716,1.1118377,390.08173,4.3846655,399.3618,2016-01-01 08:49:05
341,-81.274414,-53.200886,1451638151.2950091,1.8233385,386.80017,4.3482566,399.3618,2016-01-01 08:49:09
342,-83.45932,-62.19297,1451638156.0217187,24.306244,377.57513,1.2600664,399.31583,2016-01-01 08:49:14
343,-83.46553,-62.09897,1451638160.5142713,24.838148,378.7515,1.2456429,399.31662,2016-01-01 08:49:19
344,-83.47007,-62.01764,1451638165.2404575,25.619375,381.0399,1.2606794,399.3172,2016-01-01 08:49:23
345,-80.0186,-66.92087,1451638183.6775331,4.031928,389.92596,4.5204,399.40018,2016-01-01 08:49:42
346,-80.02343,-66.88958,1451638188.1712527,1.1004037,390.5302,4.464598,399.4002,2016-01-01 08:49:46
347,-80.02782,-66.857414,1451638192.8978815,1.8444064,396.53232,4.396968,399.4002,2016-01-01 08:49:51
348,-77.872856,-60.480835,1451638197.3913193,23.974957,374.35867,1.1122532,399.39438,2016-01-01 08:49:55
349,49.729877,58.65432,1451641654.578683,26.658644,393.43723,3.5537555,400.2211,2016-01-01 09:47:33
350,49.724983,58.649387,1451641659.3051507,25.602417,390.33307,3.2154846,400.22134,2016-01-01 09:47:37
351,49.723118,58.646233,1451641663.7978241,24.748499,389.21146,3.172166,400.22195,2016-01-01 09:47:42
352,48.439587,50.547935,1451641696.1809113,26.85451,405.67444,2.9531758,400.59195,2016-01-01 09:48:14
353,48.44025,50.545017,1451641700.6738663,25.77944,402.2214,3.254841,400.59195,2016-01-01 09:48:19
354,48.44161,50.542732,1451641705.4000125,24.913725,401.10196,3.2337418,400.59192,2016-01-01 09:48:23
355,48.007687,54.080605,1451641709.8933294,3.7377145,408.76797,3.921126,400.5894,2016-01-01 09:48:28
356,48.007603,54.077435,1451641719.1127925,2.199807,412.2393,3.759457,400.58923,2016-01-01 09:48:37
357,0.64348435,39.4446,1451642516.6816711,24.74124,401.2827,0.77698296,400.11783,2016-01-01 10:01:55
358,0.64754474,39.443333,1451642521.1752698,25.584347,402.10352,0.7240042,400.11795,2016-01-01 10:01:59
359,-4.411727,38.374485,1451642594.9278772,24.151917,399.19498,0.88138145,399.96527,2016-01-01 10:03:13
360,-14.49816,36.1304,1451642760.8715758,24.122282,393.4105,0.96717143,399.76025,2016-01-01 10:05:59
361,-14.493222,36.1297,1451642765.597722,24.675793,390.9378,0.91661185,399.76028,2016-01-01 10:06:04
362,-14.489072,36.128296,1451642770.0912805,25.499235,390.083,0.87570596,399.76035,2016-01-01 10:06:08
363,-24.549074,33.65339,1451642926.8162801,24.0963,399.34998,0.8275464,399.54578,2016-01-01 10:08:45
364,-24.545721,33.652386,1451642931.5424666,24.63038,403.2968,0.8051204,399.54575,2016-01-01 10:08:49
365,-24.54177,33.650883,1451642936.0349789,25.435452,400.84503,0.79802024,399.54575,2016-01-01 10:08:54
366,-71.52807,11.753546,1451643710.4404747,1.7231619,417.384,4.594084,399.32977,2016-01-01 10:21:48
367,-72.45617,0.3540415,1451643761.261885,24.462118,408.62668,2.9771996,399.23584,2016-01-01 10:22:39
368,-77.64749,-22.004025,1451643853.4533784,26.958586,393.78195,3.6036348,399.16965,2016-01-01 10:24:11
369,-77.64841,-21.993546,1451643857.9458907,25.862698,402.1028,3.6977186,399.16962,2016-01-01 10:24:16
370,-79.602936,-14.248472,1451643867.1649919,4.1035132,400.8368,3.2926967,399.01627,2016-01-01 10:24:25
371,-79.599594,-14.219367,1451643871.8915806,1.1802733,406.1519,3.2744799,399.016,2016-01-01 10:24:30
372,-79.59563,-14.191929,1451643876.3841734,1.7544466,405.06808,3.1647418,399.01578,2016-01-01 10:24:34
373,-81.44019,-4.0447474,1451643881.1102793,24.284088,403.98495,2.146602,398.9797,2016-01-01 10:24:39
374,-81.43124,-4.0014067,1451643885.6032743,24.802261,405.59506,2.1049373,398.9795,2016-01-01 10:24:44
375,-81.42256,-3.961947,1451643890.3294609,25.576794,402.7727,2.0921345,398.97928,2016-01-01 10:24:48
376,-83.16896,-18.34299,1451643899.5485618,25.889135,397.2263,2.4393346,398.91254,2016-01-01 10:24:57
377,-83.16491,-18.27131,1451643904.0421202,25.039536,402.42114,2.382112,398.91226,2016-01-01 10:25:02
378,-80.98188,-26.932306,1451643908.767703,4.0874763,399.15732,2.9174695,399.09042,2016-01-01 10:25:07
379,-80.97964,-26.898472,1451643913.2612615,1.1700524,397.27097,2.854189,399.0901,2016-01-01 10:25:11
380,-80.97705,-26.86543,1451643917.9868846,1.7589449,393.7077,2.7871392,399.08975,2016-01-01 10:25:16
381,-78.76093,-33.16874,1451643922.480403,23.983458,396.71814,2.098191,399.24478,2016-01-01 10:25:21
382,-78.75903,-33.15103,1451643927.2055836,24.45266,398.16562,2.050989,399.2445,2016-01-01 10:25:25
383,-78.75638,-33.132748,1451643931.6995845,25.186975,398.1187,2.2772965,399.24414,2016-01-01 10:25:30
384,-79.38572,-46.316677,1451643936.4246845,26.939102,396.5191,2.9306145,399.26944,2016-01-01 10:25:34
385,-79.387726,-46.31269,1451643940.9187257,25.848972,397.55176,2.8780348,399.26935,2016-01-01 10:25:39
386,-79.389275,-46.304905,1451643945.6449122,24.955004,393.8583,2.860378,399.2693,2016-01-01 10:25:44
387,-81.80829,-43.04143,1451643950.137344,4.0884547,387.3695,4.129444,399.32254,2016-01-01 10:25:48
388,-81.80764,-42.9922,1451643954.8630073,1.1593579,399.96353,4.3468795,399.32254,2016-01-01 10:25:53
389,-81.8065,-42.9479,1451643959.356445,1.776282,390.1892,3.9911292,399.32254,2016-01-01 10:25:57
390,-84.347206,-64.93604,1451643977.7948484,26.927765,385.0603,1.0036893,399.22894,2016-01-01 10:26:16
391,-84.350945,-64.85752,1451643982.5199485,25.87881,378.39218,1.5024601,399.23062,2016-01-01 10:26:20
392,-84.35418,-64.7767,1451643987.0135472,25.036173,377.74518,1.5531641,399.23477,2016-01-01 10:26:25
393,-81.911545,-61.000874,1451643991.7400956,4.058004,390.52722,3.9693015,399.3225,2016-01-01 10:26:30
394,-81.91267,-60.963017,1451643996.2326078,1.1455591,389.21243,3.864282,399.3225,2016-01-01 10:26:34
395,-81.9137,-60.910706,1451644000.959438,1.8010602,393.23517,4.033323,399.32254,2016-01-01 10:26:39
396,-79.44162,-60.150013,1451644005.4517493,23.97648,402.07947,3.260774,399.35806,2016-01-01 10:26:44
397,-79.44168,-60.118244,1451644010.1779356,24.45118,395.4445,3.1099367,399.35806,2016-01-01 10:26:48
398,-79.440865,-60.104893,1451644014.6708102,25.18176,393.31342,2.7512662,399.35806,2016-01-01 10:26:53
399,-81.26574,-77.84105,1451644033.1096961,4.044772,396.6401,4.342147,399.30588,2016-01-01 10:27:11
400,-81.269066,-77.80454,1451644037.8353193,1.1221092,391.51172,4.1804814,399.3066,2016-01-01 10:27:16
401,-81.81382,-102.34397,1451644060.7671201,26.909048,400.56787,3.4109192,398.79538,2016-01-01 10:27:39
402,-78.36465,-101.69107,1451644125.3001838,1.8543358,401.30533,5.262116,398.8336,2016-01-01 10:28:43
403,-79.89072,-112.110535,1451644130.0265312,24.321573,390.83163,4.4742026,399.0184,2016-01-01 10:28:48
404,-79.90039,-112.070694,1451644134.5204115,24.857193,387.95535,4.038455,399.01825,2016-01-01 10:28:53
405,-77.67986,-118.90637,1451644143.7384262,26.886822,385.40524,2.5899224,399.1158,2016-01-01 10:29:02
406,-77.68689,-118.90263,1451644148.4645724,25.851074,390.59308,2.6174638,399.11584,2016-01-01 10:29:06
407,-77.69515,-118.89299,1451644152.9581711,25.01698,390.60342,3.4930944,399.11588,2016-01-01 10:29:11
408,-76.43732,-109.3266,1451644162.1773527,1.0658085,374.16226,1.9797287,398.96405,2016-01-01 10:29:20
409,49.729687,34.11013,1451647545.5090716,26.659838,396.83444,3.1731179,400.3067,2016-01-01 11:25:44
410,49.724644,34.10514,1451647550.235258,25.604092,397.93277,3.0033484,400.30835,2016-01-01 11:25:48
411,49.72064,34.100937,1451647554.7280521,24.755741,401.70508,3.165341,400.30963,2016-01-01 11:25:53
412,47.258343,32.92244,1451647614.767678,24.059578,397.6379,3.0019877,400.43155,2016-01-01 11:26:53
413,47.25603,32.920708,1451647619.2611961,24.614847,400.42456,2.6885214,400.43198,2016-01-01 11:26:57
414,47.255016,32.919563,1451647623.9868193,25.431307,400.91946,2.9747741,400.4325,2016-01-01 11:27:02
415,45.953686,25.222885,1451647656.1374397,24.189503,401.90378,1.8508887,400.24094,2016-01-01 11:27:34
416,45.95673,25.22255,1451647660.8639479,24.74229,404.1429,1.8570101,400.23944,2016-01-01 11:27:39
417,45.959274,25.222084,1451647665.3565004,25.556969,402.83328,1.8146943,400.2386,2016-01-01 11:27:43
418,43.443104,24.509422,1451647670.082687,26.847565,403.8126,1.8797354,400.75812,2016-01-01 11:27:48
419,43.445,24.507069,1451647674.5757222,25.7668,402.59476,1.7579999,400.7595,2016-01-01 11:27:53
420,43.44557,24.504597,1451647679.3007822,24.905014,404.37152,1.9498316,400.76035,2016-01-01 11:27:57
421,43.03618,27.741259,1451647683.7948232,3.7010877,402.02432,1.8524345,400.67065,2016-01-01 11:28:02
422,43.03534,27.739828,1451647688.5198832,0.7459223,402.17096,1.8096439,400.67197,2016-01-01 11:28:06
423,43.03571,27.73827,1451647693.0135221,2.243078,401.53284,1.6632544,400.67188,2016-01-01 11:28:11
424,40.949253,23.810488,1451647739.1087055,24.19583,403.9658,1.4619992,400.8714,2016-01-01 11:28:57
425,40.95391,23.810572,1451647743.834248,24.756752,402.42267,1.4059615,400.86865,2016-01-01 11:29:02
426,40.95714,23.810041,1451647748.327887,25.581533,402.84482,1.2404032,400.86636,2016-01-01 11:29:06
427,38.431904,23.165573,1451647753.0534296,26.848494,403.27692,1.5890067,400.83646,2016-01-01 11:29:11
428,38.433292,23.163256,1451647757.546948,25.766708,401.9613,1.576492,400.8389,2016-01-01 11:29:16
429,38.43494,23.161264,1451647762.272048,24.89954,403.19592,1.5737116,400.8407,2016-01-01 11:29:20
430,37.366783,29.067303,1451647780.7103708,24.063272,403.7975,1.6410632,400.03928,2016-01-01 11:29:39
431,37.36563,29.065956,1451647785.203889,24.632143,404.7548,1.57182,400.03793,2016-01-01 11:29:43
432,37.36675,29.065388,1451647789.929472,25.468233,403.9511,1.5449138,400.0374,2016-01-01 11:29:48
433,10.363983,19.396595,1451648227.7169585,0.67227834,402.4157,1.4575553,400.3941,2016-01-01 11:37:06
434,10.366576,19.395454,1451648232.4420586,2.3552363,403.3065,1.4332501,400.39426,2016-01-01 11:37:10
435,10.739909,16.996744,1451648236.9360998,24.184288,402.84225,1.3407012,400.4455,2016-01-01 11:37:15
436,10.745302,16.996151,1451648241.6622863,24.764772,402.0505,1.1398404,400.44568,2016-01-01 11:37:20
437,10.750003,16.99515,1451648246.1547985,25.614655,402.09244,1.2205794,400.44586,2016-01-01 11:37:24
438,8.19932,16.48229,1451648250.8803816,26.875435,401.40256,1.6129194,400.33435,2016-01-01 11:37:29
439,8.199595,16.480665,1451648255.3738594,25.77891,401.29047,1.3304821,400.3343,2016-01-01 11:37:33
440,8.204141,16.479939,1451648260.100086,24.887182,401.91922,1.7643845,400.3344,2016-01-01 11:37:38
441,5.3076253,18.32425,1451648306.1952696,3.7057405,403.02243,1.5898199,400.1814,2016-01-01 11:38:24
442,5.3111305,18.32321,1451648310.6882646,0.6864113,402.88458,1.743255,400.18134,2016-01-01 11:38:29
443,5.3141537,18.322123,1451648315.413365,2.3427925,402.6143,1.4883051,400.18127,2016-01-01 11:38:33
444,5.6896696,15.952218,1451648319.90636,24.175785,401.93,1.6543033,400.19257,2016-01-01 11:38:38
445,5.692622,15.950991,1451648324.6325865,24.749409,403.1853,1.7675139,400.19247,2016-01-01 11:38:43
446,-5.385554,18.54054,1451648458.1926749,26.78507,395.31497,1.1301,399.92035,2016-01-01 11:40:56
447,-5.385428,18.53958,1451648462.9182174,25.693121,395.39978,1.3266511,399.92035,2016-01-01 11:41:01
448,-5.383599,18.53895,1451648467.4117758,24.813866,395.79138,1.323021,399.92044,2016-01-01 11:41:05
449,-4.7945375,16.199503,1451648481.3560576,2.2808166,382.44684,1.6232787,399.85623,2016-01-01 11:41:19
450,-12.380856,14.585216,1451648596.4773803,3.835471,393.9369,0.9766786,399.732,2016-01-01 11:43:15
451,-12.37519,14.585431,1451648601.2034864,0.8041458,392.7644,0.95437735,399.7322,2016-01-01 11:43:19
452,-12.372111,14.584382,1451648605.6964815,2.2052355,390.95956,0.9727353,399.73236,2016-01-01 11:43:24
453,-49.93105,4.1013036,1451649228.096968,1.8148856,396.38647,2.4377408,399.0222,2016-01-01 11:53:46
454,-77.22535,-13.306604,1451649689.047274,24.267494,404.5414,3.1435316,399.1307,2016-01-01 12:01:27
455,-79.45999,-19.67672,1451649702.7609797,26.953873,401.4236,3.4722257,399.11362,2016-01-01 12:01:41
456,-79.4559,-19.65011,1451649707.4860797,25.90314,399.39633,3.3905406,399.1132,2016-01-01 12:01:45
457,-79.44839,-19.614098,1451649711.9796782,25.046265,391.3199,3.3753505,399.11255,2016-01-01 12:01:50
458,-81.439476,-28.600235,1451649772.019586,24.279877,397.77112,2.7135653,399.14792,2016-01-01 12:02:50
459,-81.42137,-28.511099,1451649781.2382846,25.577978,393.31082,2.5284102,399.14984,2016-01-01 12:02:59
460,-80.9814,-51.484673,1451649799.6766076,4.097607,393.7185,3.388647,399.3632,2016-01-01 12:03:18
461,-80.97842,-51.44244,1451649804.1690798,1.1653011,392.81497,3.3530605,399.3632,2016-01-01 12:03:22
462,-84.23691,-63.281994,1451649859.4835253,24.824091,368.0116,0.98145914,399.28027,2016-01-01 12:04:18
463,-81.910675,-85.54099,1451649882.6468678,4.054602,405.7159,3.0925348,399.08823,2016-01-01 12:04:41
464,-81.91185,-85.49967,1451649887.1405065,1.1363372,399.7339,2.9947047,399.08856,2016-01-01 12:04:45
465,-81.912674,-85.45908,1451649891.8670952,1.7937139,407.76074,2.975743,399.0889,2016-01-01 12:04:50
466,-78.898125,-98.04855,1451649910.3038087,26.923191,403.16757,3.7891352,398.80557,2016-01-01 12:05:08
467,-78.90316,-98.03841,1451649919.5239558,24.936808,406.26288,3.9778852,398.8054,2016-01-01 12:05:17
468,-81.26474,-102.38582,1451649924.016589,4.050581,399.39233,3.1360872,398.81302,2016-01-01 12:05:22
469,-81.26809,-102.34944,1451649928.7420511,1.1278243,403.16293,3.277414,398.81274,2016-01-01 12:05:27
470,-81.27095,-102.308655,1451649933.23569,1.8133612,401.18854,3.1426578,398.81247,2016-01-01 12:05:31
471,-81.82802,-126.827614,1451649960.8930335,25.028425,403.22495,3.9683995,399.24313,2016-01-01 12:05:59
472,-80.01563,-116.0138,1451649965.6192198,4.024769,400.00247,3.7237847,399.0841,2016-01-01 12:06:04
473,-80.02013,-115.985405,1451649970.1117725,1.0994389,404.1326,3.4957824,399.08408,2016-01-01 12:06:08
474,-80.02339,-115.96261,1451649974.8373957,1.8254219,398.6084,3.3268766,399.084,2016-01-01 12:06:13
475,-77.869644,-109.58314,1451649979.3309138,23.971994,398.359,3.5978198,398.97516,2016-01-01 12:06:17
476,-77.87112,-109.56619,1451649984.0574622,24.448435,400.64746,4.1502876,398.97513,2016-01-01 12:06:22
477,-77.87255,-109.54524,1451649988.5500953,25.188625,402.7335,3.5719259,398.9751,2016-01-01 12:06:27
478,-76.42903,-119.1216,1451650002.4942966,24.923668,408.43826,2.5128865,399.10477,2016-01-01 12:06:40
479,-78.354164,-126.270546,1451650006.9878147,4.0064616,393.7751,5.355407,399.2232,2016-01-01 12:06:45
480,-78.35917,-126.253944,1451650011.7144837,1.0865177,405.25095,5.16727,399.22336,2016-01-01 12:06:50
481,-78.36363,-126.23533,1451650016.2069962,1.8467555,392.96307,4.7868776,399.22345,2016-01-01 12:06:54
482,53.153736,8.882826,1451653385.7933059,16.42856,401.43338,3.5259588,400.54446,2016-01-01 13:03:04
483,44.653503,-0.41339043,1451653547.00941,29.758732,401.12268,1.983884,400.71957,2016-01-01 13:05:45
484,34.891975,3.7203104,1451653685.292989,26.653221,401.95316,1.0196898,400.37326,2016-01-01 13:08:03
485,34.88869,3.7173965,1451653690.019618,25.585297,401.12012,1.1153075,400.3717,2016-01-01 13:08:08
486,34.885754,3.7145908,1451653694.5121706,24.731041,401.7272,1.0721611,400.37012,2016-01-01 13:08:13
487,35.54274,0.89214724,1451653699.2382765,3.6712995,399.1965,1.2757852,400.66962,2016-01-01 13:08:17
488,35.542408,0.8900834,1451653703.7312717,0.7053303,399.49948,1.3917749,400.66916,2016-01-01 13:08:22
489,35.544083,0.8888621,1451653708.4563718,2.3048263,400.7048,1.1694994,400.66937,2016-01-01 13:08:26
490,33.413315,-2.6164792,1451653726.8946543,26.8505,401.57767,1.0289654,400.2726,2016-01-01 13:08:45
491,33.41588,-2.6183472,1451653731.3882933,25.761665,401.5036,1.0660917,400.2728,2016-01-01 13:08:49
492,33.41934,-2.619761,1451653736.114359,24.888279,401.43436,0.872514,400.27362,2016-01-01 13:08:54
493,33.0364,0.19734314,1451653740.6073942,3.6626937,401.73633,0.88151556,400.26068,2016-01-01 13:08:59
494,33.036034,0.19596566,1451653745.3325346,0.6939226,402.1198,0.95912415,400.2614,2016-01-01 13:09:03
495,33.036465,0.19447581,1451653749.8254895,2.305783,402.22635,0.8849367,400.26245,2016-01-01 13:09:08
496,12.301004,-2.2323616,1451654086.433883,24.086554,402.78815,1.17288,400.39615,2016-01-01 13:14:44
497,12.303231,-2.2332602,1451654090.9268782,24.673265,402.81747,1.0953245,400.3963,2016-01-01 13:14:49
498,12.307828,-2.233772,1451654095.6519783,25.53227,402.58984,1.040603,400.39658,2016-01-01 13:14:54
499,9.771871,-2.7913752,1451654104.8721254,25.631971,403.1042,1.8405467,399.19235,2016-01-01 13:15:03
500,9.774812,-2.7920477,1451654109.364678,24.753035,402.24933,1.6103426,399.19235,2016-01-01 13:15:07
501,10.36456,-5.147209,1451654114.089778,3.6842656,402.37146,1.1370325,399.206,2016-01-01 13:15:12
502,10.367254,-5.1484714,1451654118.583779,0.6722881,402.7592,1.4149812,399.20593,2016-01-01 13:15:17
503,10.369329,-5.149743,1451654123.3099654,2.3505616,403.93518,1.3528833,399.2059,2016-01-01 13:15:21
504,8.20251,-8.062739,1451654141.7472825,26.876215,400.53528,1.5192273,400.18378,2016-01-01 13:15:40
505,8.204035,-8.06409,1451654146.2407603,25.774918,400.3106,1.4949024,400.18375,2016-01-01 13:15:44
506,8.204343,-8.065691,1451654150.9663434,24.895819,400.39322,1.575675,400.18372,2016-01-01 13:15:49
507,7.2583113,-3.349961,1451654169.4041834,24.092508,404.51505,1.9245445,399.02866,2016-01-01 13:16:07
508,7.2609587,-3.3507724,1451654173.8971784,24.679775,403.97845,1.5669534,399.0288,2016-01-01 13:16:12
509,7.265016,-3.3515356,1451654178.6232843,25.535563,404.55933,1.2273988,399.02905,2016-01-01 13:16:17
510,5.317044,-6.2230797,1451654206.2802658,2.339614,404.48413,1.2731761,400.29343,2016-01-01 13:16:44
511,5.6931715,-8.592812,1451654210.7732608,24.176834,402.98776,1.890474,400.29956,2016-01-01 13:16:49
512,5.698181,-8.5935135,1451654215.498361,24.754953,402.879,1.7725723,400.29968,2016-01-01 13:16:53
513,5.701408,-8.59491,1451654219.9919596,25.598932,402.74664,1.860915,400.29977,2016-01-01 13:16:58
514,-9.84823,-9.416742,1451654450.4660666,0.79286176,400.9713,1.5649267,399.80872,2016-01-01 13:20:49
515,-24.54679,-15.437916,1451654708.596109,24.093151,399.97134,1.4669217,399.47385,2016-01-01 13:25:07
516,-79.44676,-44.16032,1451655602.8337047,25.047968,398.88394,2.783058,399.33563,2016-01-01 13:40:01
517,-79.60021,-63.33461,1451655648.9289284,4.1015944,397.98053,3.4863238,399.35934,2016-01-01 13:40:47
518,-79.597115,-63.306446,1451655653.6540687,1.181585,401.06036,3.5187576,399.35934,2016-01-01 13:40:52
519,-79.59303,-63.27936,1451655658.1475868,1.7548033,395.3608,3.5067232,399.3593,2016-01-01 13:40:56
520,-81.41954,-53.053844,1451655672.0919087,25.577772,387.8752,3.4430737,399.3648,2016-01-01 13:41:10
521,-83.16923,-67.49809,1451655676.5859098,26.94494,392.73508,1.2121172,399.25806,2016-01-01 13:41:15
522,-83.167046,-67.44107,1451655681.31101,25.896086,391.16486,1.0625181,399.25833,2016-01-01 13:41:19
523,-83.16221,-67.3597,1451655685.8050108,25.041327,390.5018,1.3707165,399.2588,2016-01-01 13:41:24
524,-79.38441,-95.3973,1451655718.1870923,26.939173,406.52182,3.281178,398.79514,2016-01-01 13:41:56
525,-79.387825,-95.38006,1451655727.4052277,24.951874,410.70358,3.3862762,398.79504,2016-01-01 13:42:05
526,-81.805954,-92.112236,1451655731.8991885,4.0770435,408.17795,3.8046687,398.9564,2016-01-01 13:42:10
527,-81.80565,-92.068146,1451655736.6243691,1.1555723,402.93512,3.6700492,398.95676,2016-01-01 13:42:15
528,-81.910255,-110.07702,1451655773.5004916,4.06017,401.93216,3.000491,399.01505,2016-01-01 13:42:51
529,-81.91144,-110.03254,1451655777.993004,1.137637,401.60556,2.9160838,399.01437,2016-01-01 13:42:56
530,-81.91225,-109.992195,1451655782.7195928,1.7924535,401.07443,2.9027154,399.0137,2016-01-01 13:43:01
531,-79.44092,-109.21898,1451655787.212105,23.978294,403.93146,3.05962,398.94955,2016-01-01 13:43:05
532,-79.440735,-109.202484,1451655791.9377282,24.448812,407.14835,2.9852595,398.94952,2016-01-01 13:43:10
533,-79.440125,-109.17608,1451655796.4312866,25.186293,409.71957,3.1106596,398.94952,2016-01-01 13:43:14
534,-78.89824,-122.58813,1451655801.1573925,26.926003,404.66672,3.5247178,399.18176,2016-01-01 13:43:19
535,-78.90084,-122.5852,1451655805.6504278,25.833193,402.74896,3.4869103,399.18176,2016-01-01 13:43:24
536,-78.903404,-122.57645,1451655810.3766143,24.93734,406.3658,3.5479999,399.1818,2016-01-01 13:43:28
537,-81.26577,-126.90608,1451655814.8694887,4.0290303,403.7833,4.164956,399.26648,2016-01-01 13:43:33
538,-81.27118,-126.84128,1451655824.0882277,1.8148286,400.49722,4.2287207,399.26624,2016-01-01 13:43:42
539,-83.4562,-135.81967,1451655828.8138106,24.309183,405.89822,4.3738017,399.30298,2016-01-01 13:43:47
540,-83.4628,-135.71613,1451655833.3074093,24.842213,401.65115,3.9102106,399.30295,2016-01-01 13:43:51
541,-83.4669,-135.64125,1451655838.0329118,25.622292,403.70938,3.928813,399.30295,2016-01-01 13:43:56
542,20.461996,-27.460123,1451659838.9898465,3.656602,399.28452,5.218842,400.879,2016-01-01 14:50:37
543,20.464235,-27.461546,1451659843.4834852,0.6520303,399.92,5.368058,400.87906,2016-01-01 14:50:42
544,-9.453292,-36.36146,1451660350.5223765,24.134117,400.48862,0.7642339,399.8495,2016-01-01 14:59:09
545,-9.447378,-36.362213,1451660355.248563,24.70016,399.05368,0.8523115,399.8496,2016-01-01 14:59:13
546,-9.44302,-36.363487,1451660359.7414777,25.532986,398.4212,0.7953553,399.84967,2016-01-01 14:59:18
547,-80.97873,-100.54842,1451661581.3601584,4.070278,404.05026,3.042141,398.74396,2016-01-01 15:19:39
548,-80.97707,-100.52301,1451661585.8531938,1.1671877,409.639,3.1482918,398.74365,2016-01-01 15:19:44
549,-80.97376,-100.481125,1451661590.5792594,1.7788577,405.34335,2.973047,398.74323,2016-01-01 15:19:49
550,-78.757126,-106.775665,1451661599.7984812,24.45258,406.1186,2.6335287,398.97888,2016-01-01 15:19:58
551,-79.384544,-119.94507,1451661609.0165362,26.942427,403.51236,3.0419788,399.17938,2016-01-01 15:20:07
552,-79.3863,-119.929375,1451661613.5100946,25.843554,405.38,2.9802525,399.17932,2016-01-01 15:20:12
553,-79.38778,-119.92205,1451661618.236281,24.951014,403.897,3.0506659,399.17932,2016-01-01 15:20:16
554,-81.80621,-116.659134,1451661622.7292762,4.0832386,404.54807,3.1689188,399.17654,2016-01-01 15:20:21
555,-81.80559,-116.60813,1451661627.4543762,1.1513703,401.79703,3.1110113,399.17603,2016-01-01 15:20:25
556,-81.80453,-116.56743,1451661631.9478943,1.7797881,404.6409,3.062303,399.17563,2016-01-01 15:20:30
557,-84.345985,-138.53224,1451661650.386217,26.924013,397.95105,3.7102726,399.2516,2016-01-01 15:20:48
558,-84.34948,-138.46645,1451661655.1113577,25.879747,400.40714,3.6538975,399.25104,2016-01-01 15:20:53
559,-84.35328,-138.35356,1451661659.6053586,25.028584,399.12323,3.660784,399.25015,2016-01-01 15:20:58
560,-83.456764,-160.3548,1451661719.6437776,24.308498,386.32483,4.8712797,399.31393,2016-01-01 15:21:58
561,-83.46226,-160.27032,1451661724.1373763,24.83844,387.62125,5.589815,399.31393,2016-01-01 15:22:02
562,-83.46731,-160.18333,1451661728.8629591,25.62314,391.9446,5.1956043,399.31396,2016-01-01 15:22:07
563,-16.316177,-57.357998,1451666305.9186802,28.010315,397.99594,1.0198336,399.71518,2016-01-01 16:38:24
564,-19.680853,-58.06158,1451666361.2315967,28.028032,392.01843,0.95029813,399.64792,2016-01-01 16:39:19
565,-21.172499,-63.65464,1451666402.833222,28.0446,398.97888,0.99553996,399.5169,2016-01-01 16:40:01
566,-23.868914,-58.958607,1451666421.271062,30.837238,396.2704,1.175227,399.5295,2016-01-01 16:40:19
567,-25.795135,-62.106922,1451666467.3652396,18.01195,398.37003,0.95409906,399.677,2016-01-01 16:41:05
568,-27.85915,-65.4175,1451666513.4594574,28.044384,396.24002,1.1179469,399.48224,2016-01-01 16:41:51
569,-29.98129,-63.15132,1451666536.3902926,18.001308,399.0678,0.7386069,399.55356,2016-01-01 16:42:14
570,-29.513142,-65.88948,1451666541.116479,28.014925,398.60547,0.8742494,399.50906,2016-01-01 16:42:19
571,-31.428598,-60.63631,1451666554.8285751,28.053194,397.32446,0.9639034,399.55878,2016-01-01 16:42:33
572,-32.252182,-60.832905,1451666559.5546813,30.826548,400.59912,4.8960977,399.52768,2016-01-01 16:42:37
573,-31.193642,-66.3761,1451666568.772857,28.067114,391.41473,0.92592204,399.55814,2016-01-01 16:42:47
574,-33.076885,-61.024437,1451666582.4845104,27.912945,395.5385,0.8052395,399.55118,2016-01-01 16:43:01
575,-33.92664,-61.226543,1451666587.2106566,30.831661,396.2718,1.0596021,399.59476,2016-01-01 16:43:05
576,-32.85459,-66.8777,1451666596.4297578,28.065407,394.64868,1.0642242,399.3751,2016-01-01 16:43:14
577,-35.33999,-67.664955,1451666628.5797744,30.93775,400.77924,1.1023134,399.3647,2016-01-01 16:43:47
578,-38.09214,-62.244713,1451666665.4547706,27.925299,394.93356,1.0301273,399.27356,2016-01-01 16:44:24
579,-41.137093,-69.68187,1451666729.9878745,29.485062,401.28558,1.0876862,399.3222,2016-01-01 16:45:28
580,-42.78449,-70.315926,1451666757.643166,29.486038,396.81754,1.0007677,399.3388,2016-01-01 16:45:56
581,-43.19163,-70.48035,1451666762.3693526,30.207672,396.9866,1.1590401,399.3484,2016-01-01 16:46:00
582,-43.600346,-70.647644,1451666766.8633938,30.958508,396.48727,0.996488,399.34525,2016-01-01 16:46:05
583,-45.79547,-67.92881,1451666799.2454753,17.988928,397.29715,0.90070343,399.3753,2016-01-01 16:46:37
584,-46.2082,-68.07971,1451666803.7384703,19.314337,398.40115,0.9002693,399.40323,2016-01-01 16:46:42
585,-46.621994,-68.2337,1451666808.4645762,20.63403,398.25067,1.2604955,399.39838,2016-01-01 16:46:46
586,-46.635445,-71.11767,1451666817.6826715,27.02152,398.85327,0.9582368,399.39273,2016-01-01 16:46:56
587,-79.45852,-93.30184,1451667375.3093793,26.956854,408.15158,2.6208174,398.78412,2016-01-01 16:56:13
588,-77.64614,-120.15487,1451667421.404603,25.85529,399.80588,1.9928709,399.1545,2016-01-01 16:56:59
589,-77.64622,-120.14229,1451667426.1297436,24.95863,401.4394,2.3008294,399.15463,2016-01-01 16:57:04
590,-79.5981,-112.38985,1451667435.3488848,1.1866658,406.24826,2.2857413,399.10852,2016-01-01 16:57:13
591,-79.593796,-112.361206,1451667439.8418798,1.7526673,403.3442,2.2191336,399.1084,2016-01-01 16:57:18
592,-81.43755,-102.21523,1451667444.5680664,24.282768,399.10327,2.453201,398.8626,2016-01-01 16:57:23
593,-81.42037,-102.13272,1451667453.7871673,25.576794,400.33,2.7557826,398.90863,2016-01-01 16:57:32
594,-83.17001,-116.57169,1451667458.2796798,26.943518,408.80127,3.3772597,399.1281,2016-01-01 16:57:36
595,-83.16749,-116.51059,1451667463.0062685,25.892696,402.7311,3.1338644,399.12787,2016-01-01 16:57:41
596,-83.16346,-116.43835,1451667467.4988613,25.042833,406.80203,3.309296,399.12753,2016-01-01 16:57:46
597,-84.240166,-136.99304,1451667527.5373206,24.29729,399.7057,2.993981,399.24622,2016-01-01 16:58:45
598,-84.23668,-136.89587,1451667532.0309594,24.81781,400.71478,2.8839877,399.2447,2016-01-01 16:58:50
599,-84.23222,-136.77837,1451667536.7565022,25.600496,408.41083,3.070591,399.24277,2016-01-01 16:58:55
600,-84.34777,-163.07413,1451667541.2500203,26.923355,398.84543,4.519987,399.26962,2016-01-01 16:58:59
601,-84.35127,-163.00967,1451667545.975563,25.879812,399.94662,4.1482105,399.2696,2016-01-01 16:59:04
602,-84.354454,-162.93227,1451667550.4691615,25.037857,392.44113,4.2988334,399.2696,2016-01-01 16:59:09
603,-83.45874,175.09763,1451667610.507661,24.3089,398.13702,4.89065,399.22153,2016-01-01 17:00:08
604,-83.46445,175.18518,1451667615.0012195,24.83958,396.2501,4.6077213,399.22153,2016-01-01 17:00:13
605,-83.46959,175.27356,1451667619.7268023,25.624899,401.45203,4.742285,399.22153,2016-01-01 17:00:18
606,-80.01827,170.36125,1451667638.164562,4.0241656,399.47302,4.973319,399.21274,2016-01-01 17:00:36
607,-80.02275,170.38974,1451667642.6576376,1.0987221,395.51337,4.7580457,399.21274,2016-01-01 17:00:41
608,-80.02614,170.41408,1451667647.383623,1.829327,399.0199,4.898887,399.21274,2016-01-01 17:00:45
609,-79.89483,149.72295,1451667693.477881,24.32477,394.96848,4.756886,398.7273,2016-01-01 17:01:31
610,-79.9029,149.7567,1451667697.9714797,24.857162,404.18063,4.0087986,398.728,2016-01-01 17:01:36
611,-79.911644,149.79578,1451667702.6970625,25.646536,402.65045,4.378145,398.7287,2016-01-01 17:01:41
612,-77.681305,142.91504,1451667707.1895347,26.894598,399.82376,6.6623573,398.70114,2016-01-01 17:01:45
613,-77.689865,142.92242,1451667711.9151175,25.852303,399.29245,6.58154,398.70126,2016-01-01 17:01:50
614,-77.69976,142.93579,1451667716.4087162,25.014082,398.75116,6.706031,398.70142,2016-01-01 17:01:54
615,-76.435005,152.48839,1451667721.1338162,3.985048,403.49142,6.8435483,398.72574,2016-01-01 17:01:59
616,-76.44024,152.50026,1451667725.6278574,1.0649112,394.86273,6.688203,398.72574,2016-01-01 17:02:04
617,-76.446655,152.51875,1451667730.353038,1.889714,412.27402,7.1732225,398.72577,2016-01-01 17:02:08
618,-74.72924,159.67831,1451667734.845993,23.96785,399.29672,4.880596,398.8509,2016-01-01 17:02:13
619,-74.73106,159.68744,1451667739.5720987,24.448656,399.97134,4.458435,398.85135,2016-01-01 17:02:18
620,-74.73313,159.69891,1451667744.0657377,25.190271,402.9077,4.2650623,398.8519,2016-01-01 17:02:22
621,-72.80085,153.61711,1451667748.7912402,26.89033,401.72424,5.9740787,398.94543,2016-01-01 17:02:27
622,-72.80248,153.61026,1451667753.2847986,25.803545,401.99554,6.007879,398.9454,2016-01-01 17:02:31
623,-72.806244,153.61089,1451667758.010301,24.907793,400.14075,5.8892817,398.94534,2016-01-01 17:02:36
624,-74.346924,146.75853,1451667762.502934,3.9626677,397.8464,7.573995,398.91135,2016-01-01 17:02:41
625,-74.35226,146.7653,1451667767.2290802,1.0450475,408.4099,7.409221,398.91125,2016-01-01 17:02:45
626,-74.35868,146.77766,1451667771.7221155,1.9070547,413.00165,7.0740247,398.91116,2016-01-01 17:02:50
627,-75.46683,138.24052,1451667776.448141,24.336544,395.62125,6.214717,398.83026,2016-01-01 17:02:54
628,-75.47524,138.25514,1451667780.9411361,24.876074,400.52133,6.1458225,398.8303,2016-01-01 17:02:59
629,-75.4864,138.27707,1451667785.6662765,25.676329,395.59763,5.81041,398.8304,2016-01-01 17:03:04
630,22.988224,-75.96652,1451671583.9264631,0.648562,403.013,3.6493473,400.7755,2016-01-01 18:06:22
631,17.944553,-77.12464,1451671662.1721864,3.6554575,400.63382,1.1373448,400.85428,2016-01-01 18:07:40
632,17.945963,-77.12524,1451671666.8977692,0.656382,400.51663,1.100067,400.85367,2016-01-01 18:07:45
633,17.947647,-77.126526,1451671671.3902817,2.363288,402.10837,1.0648012,400.85278,2016-01-01 18:07:49
634,8.208057,-81.69722,1451671814.401093,26.871237,400.79926,1.1285982,400.4145,2016-01-01 18:10:12
635,8.209078,-81.69871,1451671818.8940883,25.772097,400.46893,1.1192693,400.41516,2016-01-01 18:10:17
636,8.212903,-81.699615,1451671823.6202745,24.883219,401.77167,1.1004597,400.4157,2016-01-01 18:10:22
637,-4.795055,-81.97853,1451672035.6570647,3.7713041,400.363,1.5451186,399.9777,2016-01-01 18:13:54
638,-22.050632,-88.4184,1451672316.7189882,25.83505,398.70602,1.7067446,399.4592,2016-01-01 18:18:35
639,-22.046728,-88.418304,1451672321.4451745,24.92621,398.81973,1.575867,399.45923,2016-01-01 18:18:39
640,-74.98394,-107.12744,1451673183.3022177,26.971727,404.9536,4.0425572,399.04602,2016-01-01 18:33:01
641,-74.96989,-107.091835,1451673192.5213993,25.049854,401.0541,3.9157639,399.0459,2016-01-01 18:33:11
642,-81.914055,176.3056,1451673446.1594925,4.063321,366.86456,2.054517,399.21686,2016-01-01 18:37:24
643,-81.26999,159.46516,1451673487.5286102,4.036558,395.48267,1.4854399,399.0089,2016-01-01 18:38:06
644,-81.82624,134.9682,1451673519.9120595,25.867702,406.75095,5.7156305,398.63052,2016-01-01 18:38:38
645,-80.020805,145.81606,1451673529.1307986,4.0307403,408.43442,4.77948,398.73636,2016-01-01 18:38:47
646,-80.025826,145.84874,1451673533.6237936,1.0961146,408.35693,4.7918067,398.73645,2016-01-01 18:38:52
647,-80.02976,145.87721,1451673538.3498998,1.8411175,420.61493,5.2465115,398.73657,2016-01-01 18:38:56
648,-77.87508,152.25348,1451673542.8428948,23.972956,404.2187,4.3554306,398.67847,2016-01-01 18:39:01
649,-77.876015,152.2659,1451673547.5690813,24.44764,404.38147,3.7322974,398.67853,2016-01-01 18:39:06
650,-77.877594,152.28743,1451673552.0615935,25.187397,406.83304,3.964858,398.67862,2016-01-01 18:39:10
651,-76.42819,142.70358,1451673556.7881823,26.912243,406.26492,6.0255737,398.69543,2016-01-01 18:39:15
652,-76.43129,142.7034,1451673561.2806945,25.818327,403.88922,6.5061584,398.69543,2016-01-01 18:39:19
653,-76.43375,142.70264,1451673566.0062776,24.926908,402.6414,5.743987,398.69543,2016-01-01 18:39:24
654,-78.35968,135.5539,1451673570.499876,4.01063,406.64658,6.2391977,398.68497,2016-01-01 18:39:29
655,-78.36553,135.57468,1451673575.2249763,1.0797099,405.2523,6.1787415,398.68512,2016-01-01 18:39:33
656,-78.370056,135.59355,1451673579.7189772,1.8551311,405.67117,6.149199,398.68518,2016-01-01 18:39:38
657,-79.89671,125.17284,1451673584.4440773,24.32073,403.92645,6.049046,398.69113,2016-01-01 18:39:42
658,-79.90621,125.21004,1451673588.9370725,24.858171,405.58087,6.5746274,398.6912,2016-01-01 18:39:47
659,-79.915436,125.25132,1451673593.6632588,25.64958,404.08542,6.664877,398.69122,2016-01-01 18:39:52
660,-77.684204,118.365906,1451673598.156777,26.894156,407.54404,6.344345,398.85522,2016-01-01 18:39:56
661,-77.69185,118.37119,1451673602.8824,25.855066,401.64108,6.322282,398.85516,2016-01-01 18:40:01
662,-77.70175,118.38448,1451673607.3759584,25.016258,394.4431,6.3670745,398.85513,2016-01-01 18:40:05
663,-76.43919,127.94543,1451673612.101099,3.9687293,408.94434,6.247235,398.82236,2016-01-01 18:40:10
664,-76.447495,127.96498,1451673621.3201597,1.8634796,400.6567,6.0818286,398.82245,2016-01-01 18:40:19
665,-74.73041,135.12703,1451673625.8131952,23.966417,399.42215,5.43308,398.86163,2016-01-01 18:40:24
666,-74.73396,135.14185,1451673630.5393815,24.448675,406.0324,5.5646005,398.86172,2016-01-01 18:40:28
667,-74.73607,135.1531,1451673635.0328593,25.189722,400.541,5.2527924,398.8618,2016-01-01 18:40:33
668,-72.80292,129.0685,1451673639.7584825,26.894892,400.14017,7.722844,398.92426,2016-01-01 18:40:38
669,-72.805664,129.06459,1451673644.2509546,25.802685,394.7347,7.49112,398.92416,2016-01-01 18:40:42
670,-72.80938,129.06508,1451673648.977624,24.907146,397.44397,7.495231,398.92404,2016-01-01 18:40:47
671,-74.34904,122.20942,1451673653.4701765,3.970651,404.62805,6.5825567,398.9131,2016-01-01 18:40:52
672,-74.355965,122.21939,1451673658.196242,1.0347413,398.88986,6.285062,398.913,2016-01-01 18:40:56
673,-74.36045,122.22753,1451673662.6893177,1.8946047,396.51996,5.93037,398.91296,2016-01-01 18:41:01
674,-75.46859,113.68909,1451673667.415464,24.335464,397.6349,7.075612,398.9148,2016-01-01 18:41:05
675,-75.47772,113.70514,1451673671.908419,24.875559,390.09073,7.036789,398.9145,2016-01-01 18:41:10
676,48.116333,-93.19085,1451677027.738215,19.86304,403.03943,4.355477,400.2965,2016-01-01 19:37:06
677,46.78187,-93.696785,1451677060.121584,13.91284,407.2328,3.547801,400.4037,2016-01-01 19:37:38
678,47.34882,-97.83521,1451677069.3407252,29.291927,406.036,3.952361,400.3766,2016-01-01 19:37:47
679,45.99969,-98.22,1451677073.8337204,33.03927,406.3875,2.8060277,400.4454,2016-01-01 19:37:52
680,45.758835,-96.18364,1451677078.5587401,21.811066,407.54953,3.1998992,400.52737,2016-01-01 19:37:57
681,45.4462,-94.183334,1451677083.0523386,13.446116,407.43726,3.3300815,400.49652,2016-01-01 19:38:01
682,45.052776,-92.22562,1451677087.7790883,17.808624,401.56277,3.260722,400.46298,2016-01-01 19:38:06
683,43.725174,-92.73323,1451677101.4906616,21.145847,406.12482,3.506451,400.3487,2016-01-01 19:38:20
684,44.107006,-94.65424,1451677106.216526,12.999463,399.3587,3.382917,400.55554,2016-01-01 19:38:24
685,44.4199,-96.6109,1451677110.7098432,17.999264,401.72208,3.2796705,400.34274,2016-01-01 19:38:29
686,44.665485,-98.59854,1451677115.4360697,29.062124,401.64667,3.451941,400.5192,2016-01-01 19:38:33
687,43.31003,-98.96179,1451677119.9288635,32.632328,400.97345,3.2814102,400.48825,2016-01-01 19:38:38
688,43.07494,-97.01824,1451677124.6551304,21.17307,399.56033,2.464918,400.5748,2016-01-01 19:38:43
689,40.61921,-91.89944,1451677143.0928497,32.05377,400.93637,2.666075,400.46844,2016-01-01 19:39:01
690,41.054806,-93.70298,1451677147.5869312,20.523766,406.73648,3.0500572,400.378,2016-01-01 19:39:06
691,41.42727,-95.5437,1451677152.3120716,12.063192,405.39514,3.5956137,400.38818,2016-01-01 19:39:10
692,41.7317,-97.41839,1451677156.8060727,17.49847,409.12915,3.8642933,400.5381,2016-01-01 19:39:15
693,41.971664,-99.32267,1451677161.5311325,28.875698,402.96463,2.1470842,400.36685,2016-01-01 19:39:19
694,40.615067,-99.668335,1451677166.0247312,32.25712,408.61984,2.702533,400.23978,2016-01-01 19:39:24
695,40.385326,-97.803764,1451677170.7502337,20.558943,407.96176,2.590542,400.49368,2016-01-01 19:39:29
696,40.084187,-95.96881,1451677175.243832,11.606796,402.0527,1.8883076,400.64893,2016-01-01 19:39:33
697,39.713924,-94.16637,1451677179.9705014,16.817644,403.53467,2.5880032,400.63028,2016-01-01 19:39:38
698,39.276726,-92.398094,1451677184.4629736,28.295715,402.25708,1.5589281,400.60376,2016-01-01 19:39:43
699,37.95395,-92.86841,1451677189.1892002,31.673079,402.48126,1.541431,400.61325,2016-01-01 19:39:47
700,38.375942,-94.60779,1451677193.6821551,19.929644,405.33334,2.039405,400.65543,2016-01-01 19:39:52
701,38.741524,-96.378555,1451677198.4072952,11.127733,401.56927,1.3798689,400.64877,2016-01-01 19:39:56
702,39.03833,-98.181305,1451677202.9012964,17.037489,403.7447,1.4626582,400.59402,2016-01-01 19:40:01
703,39.27629,-100.01177,1451677207.6274023,28.709475,402.01224,1.3316424,400.28302,2016-01-01 19:40:06
704,37.91784,-100.34047,1451677212.119995,31.87504,402.3134,1.3505437,400.27966,2016-01-01 19:40:10
705,37.689037,-98.545906,1451677216.845578,19.960869,403.0239,1.5547283,400.4739,2016-01-01 19:40:15
706,37.397102,-96.77908,1451677221.339056,10.656826,402.47812,1.5917622,400.54166,2016-01-01 19:40:19
707,37.032146,-95.04269,1451677226.0652826,16.384613,400.18237,1.5536596,400.6493,2016-01-01 19:40:24
708,35.27791,-93.774765,1451677235.2843432,31.32557,403.51956,1.6225554,401.11362,2016-01-01 19:40:33
709,35.694805,-95.45745,1451677239.7773788,19.323238,402.76413,1.3397282,401.1429,2016-01-01 19:40:38
710,35.934532,-96.47173,1451677244.5034444,11.508296,403.82602,1.5982146,400.63745,2016-01-01 19:40:42
711,36.604103,-97.47262,1451677248.9960775,4.625092,404.09183,1.5757776,400.66138,2016-01-01 19:40:47
712,36.23999,-98.103386,1451677253.7226663,9.304849,406.31476,2.2710884,400.61264,2016-01-01 19:40:52
713,36.346333,-98.90458,1451677258.2152188,15.037874,405.14633,2.2655883,400.49744,2016-01-01 19:40:56
714,36.579952,-100.66968,1451677262.9418075,28.225927,403.17447,1.5351863,400.2886,2016-01-01 19:41:01
715,34.993126,-99.25295,1451677272.160466,16.37926,413.11627,2.2627048,400.99307,2016-01-01 19:41:10
716,34.70363,-97.54459,1451677276.6535015,3.8254445,403.86374,1.4422821,401.09802,2016-01-01 19:41:15
717,34.347794,-95.86502,1451677281.3795671,14.524262,402.73773,1.6026059,401.10825,2016-01-01 19:41:19
718,19.861868,-98.628845,1451677497.912571,26.682793,400.0761,1.3266531,399.99582,2016-01-01 19:44:56
719,19.85977,-98.630905,1451677502.6386766,25.603968,400.36057,1.2446431,399.9969,2016-01-01 19:45:01
720,19.862085,-98.63192,1451677507.1312294,24.730623,401.54694,1.1626291,399.99667,2016-01-01 19:45:05
721,20.468122,-101.09728,1451677511.856772,3.6435573,402.05426,1.2626709,400.29538,2016-01-01 19:45:10
722,20.468513,-101.099014,1451677516.3503706,0.6581442,400.07016,1.2337972,400.29538,2016-01-01 19:45:14
723,20.469826,-101.100494,1451677521.0764766,2.3571146,401.92334,1.2039776,400.29538,2016-01-01 19:45:19
724,20.845871,-103.61975,1451677525.5694718,24.195967,400.19473,1.1436797,400.4053,2016-01-01 19:45:24
725,20.84952,-103.62062,1451677530.295658,24.774055,400.03085,1.1124657,400.414,2016-01-01 19:45:28
726,20.853151,-103.62162,1451677534.7885728,25.619267,400.55185,1.1145158,400.42325,2016-01-01 19:45:33
727,17.945826,-101.67084,1451677553.2264934,3.6541655,398.86163,1.217299,400.64832,2016-01-01 19:45:51
728,17.947546,-101.671616,1451677557.953082,0.6519564,399.2876,1.2040412,400.64844,2016-01-01 19:45:56
729,17.948421,-101.67308,1451677562.4455943,2.3588622,400.29337,1.1648824,400.6492,2016-01-01 19:46:01
730,17.345594,-99.24611,1451677567.1717405,24.084595,400.31216,1.2290493,400.3608,2016-01-01 19:46:05
731,17.34692,-99.24722,1451677571.6647358,24.669483,400.226,1.1403713,400.35983,2016-01-01 19:46:10
732,17.348751,-99.248146,1451677576.3908415,25.520796,400.2304,1.1936711,400.3592,2016-01-01 19:46:14
733,-2.2660124,-105.99463,1451677885.1148963,3.7505567,401.1467,1.7642875,400.04312,2016-01-01 19:51:23
734,-2.262027,-105.99467,1451677889.8403585,0.72647375,400.77917,2.1614797,400.04324,2016-01-01 19:51:28
735,-84.234146,174.13779,1451679318.8014672,25.59987,401.21054,2.6166267,398.97186,2016-01-01 20:15:17
736,-84.34964,147.82573,1451679323.2950659,26.928986,414.4697,4.194267,398.56854,2016-01-01 20:15:21
737,-84.35351,147.9101,1451679328.0206487,25.877758,415.61154,4.142166,398.56873,2016-01-01 20:15:26
738,-84.35666,147.98586,1451679332.5132012,25.036766,403.5366,3.9383876,398.56888,2016-01-01 20:15:31
739,-81.91439,151.75499,1451679337.2392669,4.054148,413.62646,4.2561007,398.78934,2016-01-01 20:15:35
740,-81.91554,151.79425,1451679341.7322621,1.1388702,404.76486,4.0824413,398.78943,2016-01-01 20:15:40
741,-79.44495,152.60803,1451679350.9520068,23.978374,405.21326,2.5029216,398.7025,2016-01-01 20:15:49
742,-79.44483,152.62373,1451679355.67759,24.448135,404.7201,2.408913,398.70233,2016-01-01 20:15:54
743,-79.444084,152.64012,1451679360.1711884,25.179989,401.79742,2.3597555,398.70215,2016-01-01 20:15:58
744,-78.90221,139.2288,1451679364.8967311,26.928854,397.6547,4.370374,398.70428,2016-01-01 20:16:03
745,-78.9054,139.24117,1451679369.3902895,25.828947,407.1138,4.382402,398.7044,2016-01-01 20:16:07
746,-78.90744,139.24237,1451679374.1153896,24.938677,407.5312,4.3931384,398.70447,2016-01-01 20:16:12
747,-81.26933,134.90158,1451679378.6093905,4.0473704,399.9222,5.2439165,398.63617,2016-01-01 20:16:17
748,-81.275856,134.9839,1451679387.828572,1.8258241,412.21732,5.567537,398.63666,2016-01-01 20:16:26
749,-83.46019,125.99499,1451679392.554678,24.306654,407.82736,4.6506658,398.53152,2016-01-01 20:16:30
750,-83.46619,126.08452,1451679397.0472708,24.838457,404.96347,4.3326097,398.53168,2016-01-01 20:16:35
751,-83.47137,126.17408,1451679401.772894,25.623653,409.98282,4.182709,398.53183,2016-01-01 20:16:40
752,-81.8176,110.388336,1451679406.266372,26.912308,410.85522,5.9848557,398.642,2016-01-01 20:16:44
753,-81.82524,110.415405,1451679410.991995,25.866919,403.99564,5.914421,398.64212,2016-01-01 20:16:49
754,-81.83318,110.44922,1451679415.485473,25.026978,409.2367,5.1196203,398.6423,2016-01-01 20:16:54
755,-80.020905,121.267166,1451679420.2116594,4.016879,407.9066,5.3915906,398.7262,2016-01-01 20:16:58
756,-80.024666,121.289696,1451679424.7046545,1.1037515,411.50357,5.6413064,398.7263,2016-01-01 20:17:03
757,-80.02882,121.32014,1451679429.4308007,1.8380123,411.5604,5.7215724,398.72644,2016-01-01 20:17:07
758,-77.875015,127.70009,1451679433.9237556,23.972855,405.516,3.9933739,398.78787,2016-01-01 20:17:12
759,-77.87605,127.7134,1451679438.648896,24.448442,404.47964,4.1242466,398.78796,2016-01-01 20:17:17
760,-77.87718,127.73097,1451679443.1424947,25.186152,400.9356,3.8617644,398.78812,2016-01-01 20:17:21
761,-76.42781,118.15067,1451679447.8690834,26.9111,406.43094,6.4870358,398.8592,2016-01-01 20:17:26
762,-76.43104,118.150795,1451679452.3615553,25.816204,404.7064,5.6216526,398.8592,2016-01-01 20:17:30
763,-76.434135,118.153534,1451679457.0877419,24.922089,398.6031,5.5220246,398.85916,2016-01-01 20:17:35
764,-78.36008,111.00706,1451679461.5807772,3.9908926,403.44742,5.610843,398.82346,2016-01-01 20:17:40
765,-78.36383,111.017296,1451679466.306883,1.0892313,409.03204,5.7571898,398.82346,2016-01-01 20:17:44
766,-78.36912,111.04004,1451679470.7998781,1.8565732,408.8356,5.6869364,398.82346,2016-01-01 20:17:49
767,-79.90399,100.655075,1451679480.0195827,24.856441,404.97366,5.4184885,398.78043,2016-01-01 20:17:58
768,-79.91328,100.69586,1451679484.7451658,25.648113,403.097,5.163323,398.7808,2016-01-01 20:18:03
769,-77.68271,93.81596,1451679489.2377183,26.89396,400.5413,3.3855128,398.77316,2016-01-01 20:18:07
770,-77.689995,93.820206,1451679493.9642668,25.856129,400.27505,3.4102628,398.77313,2016-01-01 20:18:12
771,-77.698425,93.83019,1451679498.4568596,25.020668,396.6806,3.2300506,398.77307,2016-01-01 20:18:17
772,-76.4373,103.39124,1451679503.1830058,3.9763224,408.50934,6.9743314,398.85922,2016-01-01 20:18:21
773,-76.44167,103.40058,1451679507.6760008,1.0669512,399.1933,7.0440726,398.8592,2016-01-01 20:18:26
774,-76.44731,103.41625,1451679512.4021873,1.8783978,399.3624,6.653493,398.8592,2016-01-01 20:18:30
775,-74.730095,110.575485,1451679516.895102,23.965845,400.2311,6.3173904,398.97723,2016-01-01 20:18:35
776,-74.73275,110.587296,1451679521.6213286,24.446972,397.29077,6.125995,398.97717,2016-01-01 20:18:40
777,-74.73478,110.59863,1451679526.114887,25.188305,401.9071,5.3414764,398.97714,2016-01-01 20:18:44
778,-74.34838,97.66033,1451679544.5531294,3.9599612,401.5191,4.5646396,398.87,2016-01-01 20:19:03
779,-74.355286,97.67044,1451679549.2782295,1.024217,403.0933,4.4533486,398.8699,2016-01-01 20:19:07
780,-74.35906,97.67675,1451679553.7722707,1.8973773,399.3461,4.1700697,398.86987,2016-01-01 20:19:12
781,-75.467255,89.141594,1451679558.4983766,24.334085,396.43018,5.00723,398.8612,2016-01-01 20:19:16
782,-75.475876,89.15579,1451679562.9909291,24.875294,400.46878,4.852017,398.86087,2016-01-01 20:19:21
783,-75.48559,89.17528,1451679567.716472,25.670567,396.24023,4.6989336,398.86047,2016-01-01 20:19:26
784,52.959564,-115.63455,1451682863.4720817,3.7709796,413.9213,7.754659,399.633,2016-01-01 21:14:22
785,52.959267,-115.63594,1451682868.198429,0.8190421,409.81952,7.993662,399.63303,2016-01-01 21:14:26
786,52.958206,-115.638145,1451682872.6913438,2.141712,401.2949,7.1623898,399.63278,2016-01-01 21:14:31
787,52.15517,-111.90582,1451682877.416806,24.057924,398.80554,6.8906693,399.78622,2016-01-01 21:14:35
788,52.152706,-111.907455,1451682881.910485,24.60782,397.67548,6.271545,399.7868,2016-01-01 21:14:40
789,52.15065,-111.90905,1451682886.636953,25.414444,404.8298,7.0835123,399.7873,2016-01-01 21:14:45
790,49.737217,-113.16241,1451682891.129425,26.655268,403.54266,4.028783,399.865,2016-01-01 21:14:49
791,49.73013,-113.1684,1451682895.8557322,25.607386,410.0457,4.3396077,399.86368,2016-01-01 21:14:54
792,49.728603,-113.17131,1451682900.3482044,24.751764,402.80817,4.348263,399.86377,2016-01-01 21:14:58
793,50.49231,-116.7301,1451682905.074431,3.7371023,397.8742,6.5603557,398.4144,2016-01-01 21:15:03
794,50.490906,-116.73285,1451682909.567386,0.7966865,388.16043,6.1634464,398.4183,2016-01-01 21:15:08
795,50.94926,-120.458046,1451682918.7866478,24.181091,410.0659,9.598043,399.0762,2016-01-01 21:15:17
796,50.954933,-120.45826,1451682928.0063124,25.534824,411.47357,9.300605,399.06277,2016-01-01 21:15:26
797,48.447598,-121.26966,1451682932.7318952,26.848429,404.05267,10.611096,399.51425,2016-01-01 21:15:31
798,48.447247,-121.272804,1451682937.225373,25.777142,392.1368,10.55236,399.49075,2016-01-01 21:15:35
799,48.01437,-117.73711,1451682946.4445949,3.7377584,406.96558,8.673893,400.26407,2016-01-01 21:15:45
800,48.014782,-117.738205,1451682951.1706605,0.77333134,399.62585,8.311466,400.2641,2016-01-01 21:15:49
801,48.01306,-117.74057,1451682955.6636155,2.186571,403.23578,7.857948,400.26672,2016-01-01 21:15:54
802,44.823013,-115.40383,1451682974.1014555,26.648565,412.18954,4.745484,398.5913,2016-01-01 21:16:12
803,44.81774,-115.40825,1451682978.8270786,25.593046,406.67233,4.676499,398.5912,2016-01-01 21:16:17
804,44.813625,-115.4121,1451682983.3206773,24.74433,408.38748,4.5760093,398.59372,2016-01-01 21:16:21
805,45.96156,-122.05063,1451683001.7589598,24.191334,401.69205,5.982101,399.94403,2016-01-01 21:16:40
806,45.963646,-122.050896,1451683006.4850256,24.741163,391.3115,5.7697268,399.9477,2016-01-01 21:16:44
807,45.96661,-122.051346,1451683010.9786644,25.558514,397.34427,6.334126,399.95224,2016-01-01 21:16:49
808,43.448807,-122.76461,1451683015.7040863,26.850533,404.25137,7.9374948,399.98474,2016-01-01 21:16:54
809,43.451065,-122.76682,1451683020.1967194,25.767708,395.53305,7.5517993,399.9851,2016-01-01 21:16:58
810,43.45325,-122.76874,1451683024.9233484,24.90018,405.05328,7.1786356,399.98615,2016-01-01 21:17:03
811,43.04258,-119.53206,1451683029.415901,3.7026982,407.0951,3.007786,399.4013,2016-01-01 21:17:07
812,43.04073,-119.533966,1451683034.1420875,0.75758916,411.05884,3.1850743,399.40005,2016-01-01 21:17:12
813,43.04249,-119.53504,1451683038.6360884,2.2462676,403.46957,2.9584427,399.39966,2016-01-01 21:17:17
814,42.335712,-116.414276,1451683043.3611884,24.06563,400.40387,4.0040817,399.30984,2016-01-01 21:17:21
815,42.332695,-116.41619,1451683047.8552296,24.626863,405.46802,4.2539077,399.31116,2016-01-01 21:17:26
816,42.332573,-116.41712,1451683052.5802896,25.452635,407.8869,4.17206,399.31152,2016-01-01 21:17:31
817,39.87175,-117.32381,1451683057.073848,26.654037,408.87616,3.3806887,398.93552,2016-01-01 21:17:35
818,39.868237,-117.327225,1451683061.7994711,25.588654,400.96115,3.4654183,398.9399,2016-01-01 21:17:40
819,34.279305,-118.682236,1451683186.1414642,29.076355,404.31274,1.2779038,400.4876,2016-01-01 21:19:44
820,34.277565,-118.52181,1451683190.8670874,31.060352,406.0639,1.2102939,400.51904,2016-01-01 21:19:49
821,34.211857,-118.532585,1451683195.3605652,31.910858,402.97717,1.3361245,400.58963,2016-01-01 21:19:53
822,34.25844,-118.43521,1451683200.0867918,33.75185,407.88593,1.273955,400.5594,2016-01-01 21:19:58
823,-4.7980666,-131.07198,1451683817.7676902,3.7701905,401.0456,1.704894,399.967,2016-01-01 21:30:16
824,-4.7939706,-131.07289,1451683822.2612886,0.74847054,399.15198,2.022542,399.96713,2016-01-01 21:30:20
825,-83.1721,169.76816,1451685131.3759744,26.946589,401.8814,4.282245,399.2214,2016-01-01 21:52:09
826,-83.168434,169.84338,1451685136.10204,25.888668,404.85144,3.9934254,399.22134,2016-01-01 21:52:14
827,-83.165344,169.90343,1451685140.5951157,25.043505,407.15222,3.8710492,399.2213,2016-01-01 21:52:19
828,-78.76177,155.01306,1451685159.0340018,23.981411,398.158,2.1212218,398.75034,2016-01-01 21:52:37
829,-79.386635,141.85982,1451685172.9786859,26.943628,406.20963,3.955448,398.72357,2016-01-01 21:52:51
830,-79.38982,141.88565,1451685182.1983502,24.950413,403.67178,3.7715876,398.72366,2016-01-01 21:53:00
831,-81.80809,145.15567,1451685186.6913452,4.067705,402.38605,3.5146742,398.68393,2016-01-01 21:53:05
832,-81.807846,145.19656,1451685191.4164855,1.1510416,413.09418,3.4432406,398.68414,2016-01-01 21:53:09
833,-81.80669,145.2403,1451685195.9104867,1.7847319,407.01822,3.2640789,398.68448,2016-01-01 21:53:14
834,-84.240654,149.34773,1451685200.6355867,24.295654,404.52252,3.5702524,398.5769,2016-01-01 21:53:19
835,-84.3474,123.257195,1451685214.3482864,26.924028,414.2049,4.4061675,398.52277,2016-01-01 21:53:32
836,-84.350945,123.324295,1451685219.074473,25.879148,396.12192,3.9809265,398.5229,2016-01-01 21:53:37
837,-84.35432,123.41316,1451685223.5675082,25.034187,401.74548,3.9456723,398.52307,2016-01-01 21:53:42
838,-81.91184,127.17524,1451685228.2935739,4.066495,411.88208,5.5010333,398.60446,2016-01-01 21:53:46
839,-81.91323,127.22729,1451685232.786569,1.1329714,401.8109,4.374283,398.60464,2016-01-01 21:53:51
840,-78.898926,114.665565,1451685255.9509575,26.930634,409.77808,4.322073,398.78986,2016-01-01 21:54:14
841,-78.902145,114.67813,1451685260.4445963,25.830345,411.8659,4.063293,398.79004,2016-01-01 21:54:19
842,-78.90435,114.6827,1451685265.1696966,24.93845,411.90378,4.065933,398.7901,2016-01-01 21:54:23
843,-81.26645,110.3432,1451685269.6636975,4.0382915,413.95383,4.689374,398.68637,2016-01-01 21:54:28
844,-81.26956,110.37601,1451685274.388878,1.12165,409.41467,4.515707,398.6865,2016-01-01 21:54:32
845,-81.272446,110.417435,1451685278.882879,1.8210415,406.44592,4.5749993,398.68665,2016-01-01 21:54:37
846,-83.45783,101.44297,1451685283.607979,24.31017,411.60995,4.0533314,398.46695,2016-01-01 21:54:42
847,-83.46266,101.51798,1451685288.101457,24.837978,406.5779,3.9616807,398.46716,2016-01-01 21:54:46
848,-83.46727,101.59875,1451685292.8270802,25.619598,419.6617,4.235998,398.46738,2016-01-01 21:54:51
849,-80.01738,96.711426,1451685311.2659261,4.0140786,410.97482,4.921481,398.76364,2016-01-01 21:55:09
850,-80.02141,96.73618,1451685315.7589614,1.0963713,421.27078,4.998247,398.7637,2016-01-01 21:55:14
851,-80.02542,96.76566,1451685320.4840615,1.8424504,414.24588,4.8990273,398.7638,2016-01-01 21:55:18
852,-77.8711,103.141106,1451685324.9775796,23.972395,407.6105,4.535765,398.79523,2016-01-01 21:55:23
853,-77.8727,103.15872,1451685329.7041683,24.449402,416.2711,4.817578,398.7953,2016-01-01 21:55:28
854,-76.423775,93.59703,1451685338.9233902,26.911846,407.24603,3.9152138,398.77835,2016-01-01 21:55:37
855,-76.426544,93.595085,1451685343.4158623,25.819628,406.09198,3.6681612,398.77835,2016-01-01 21:55:41
856,-76.43,93.59951,1451685348.142089,24.92324,405.2978,3.8589988,398.77832,2016-01-01 21:55:46
857,-78.35469,86.44824,1451685352.6350036,4.010908,391.4509,2.552148,398.79123,2016-01-01 21:55:51
858,-78.360374,86.46805,1451685357.36119,1.0817271,391.69806,2.400092,398.79105,2016-01-01 21:55:55
859,-78.365105,86.48829,1451685361.854185,1.8562316,396.69064,2.6626432,398.79086,2016-01-01 21:56:00
860,-77.67802,69.26768,1451685380.291985,26.89685,391.59885,2.1582136,398.9241,2016-01-01 21:56:18
861,-77.6868,69.27556,1451685385.0185738,25.853106,385.26636,1.9438257,398.92355,2016-01-01 21:56:23
862,-77.696396,69.28838,1451685389.511086,25.015244,387.86423,2.2400548,398.923,2016-01-01 21:56:28
863,-76.43107,78.83525,1451685394.2372725,4.003949,395.6858,5.9456873,398.90985,2016-01-01 21:56:32
864,-76.43784,78.852425,1451685398.7303078,1.0640798,399.04593,6.0397468,398.90952,2016-01-01 21:56:37
865,-76.44292,78.86625,1451685403.4563735,1.8738762,396.23434,5.978069,398.90927,2016-01-01 21:56:41
866,-74.7272,86.02976,1451685407.9499722,23.968285,377.84744,2.783584,398.888,2016-01-01 21:56:46
867,-75.46367,64.59761,1451685449.552603,24.333645,396.28802,6.3891335,399.11526,2016-01-01 21:57:27
868,20.461079,-150.19131,1451689298.384191,0.6451873,402.3691,5.2523184,400.9204,2016-01-01 23:01:36
869,-24.550394,-162.71172,1451690054.3493927,24.092745,396.60876,1.6270204,399.6299,2016-01-01 23:14:12
870,-24.54825,-162.71324,1451690059.0754583,24.626274,394.08383,1.5984021,399.6299,2016-01-01 23:14:17
871,-24.544256,-162.71483,1451690063.5684938,25.432076,394.66525,1.6867483,399.6299,2016-01-01 23:14:22
872,-77.906685,166.62979,1451690920.9428012,18.87376,397.04465,4.309476,399.1596,2016-01-01 23:28:39
873,-77.648735,141.61276,1451690980.9837952,26.956902,415.20166,3.607136,398.69702,2016-01-01 23:29:39
874,-77.64946,141.63887,1451690990.202494,24.960161,409.9634,3.5079095,398.6971,2016-01-01 23:29:48
875,-79.60425,149.36633,1451690994.6954892,4.0968084,407.5143,2.90032,398.70035,2016-01-01 23:29:53
876,-79.59777,149.4163,1451691003.9145901,1.7474835,403.05734,2.7074068,398.7005,2016-01-01 23:30:02
877,-83.17294,145.18886,1451691022.35239,26.942457,403.85385,3.5459926,398.65112,2016-01-01 23:30:20
878,-83.1703,145.25117,1451691027.0785763,25.891052,404.9883,3.5468686,398.65125,2016-01-01 23:30:25
879,-83.16624,145.32408,1451691031.5715716,25.041193,411.60388,3.5149188,398.65143,2016-01-01 23:30:30
880,-80.98031,136.70988,1451691040.7906725,1.1667902,414.21823,4.354689,398.69745,2016-01-01 23:30:39
881,-79.385376,117.28869,1451691063.9551015,26.942904,408.3447,3.655973,398.75418,2016-01-01 23:31:02
882,-79.3872,117.30123,1451691068.447654,25.846516,413.43134,3.6943705,398.75424,2016-01-01 23:31:07
883,-79.388664,117.31245,1451691073.17376,24.951025,412.33856,4.3014503,398.75427,2016-01-01 23:31:11
884,-81.80749,120.56603,1451691077.6667953,4.081564,415.51312,4.434338,398.57346,2016-01-01 23:31:16
885,-81.80709,120.615036,1451691082.392861,1.1526328,407.65747,4.4157467,398.57367,2016-01-01 23:31:20
886,-81.80597,120.65623,1451691086.8858562,1.7786646,405.4592,4.162571,398.57388,2016-01-01 23:31:25
887,-84.24043,124.748055,1451691091.6120424,24.294851,415.88602,3.5297399,398.57803,2016-01-01 23:31:30
888,-84.34487,98.66574,1451691105.3247824,26.924397,408.8671,4.558342,398.46844,2016-01-01 23:31:43
889,-84.348366,98.73157,1451691110.0503654,25.8797,411.71664,4.575628,398.46854,2016-01-01 23:31:48
890,-84.35173,98.818375,1451691114.5438836,25.03505,412.88547,4.432835,398.46872,2016-01-01 23:31:53
891,-81.90947,102.5957,1451691119.2700698,4.0695825,395.73853,3.7592542,398.61276,2016-01-01 23:31:57
892,-81.91093,102.64981,1451691123.7630248,1.1331618,401.26984,4.419344,398.61295,2016-01-01 23:32:02
893,-81.911644,102.68482,1451691128.4881248,1.7879806,402.45337,4.5066514,398.6131,2016-01-01 23:32:06
894,-78.89585,90.10414,1451691146.926488,26.928036,403.32346,3.8268049,398.7608,2016-01-01 23:32:25
895,-78.89834,90.10532,1451691151.419966,25.836313,411.2517,3.8746643,398.76074,2016-01-01 23:32:29
896,-78.901436,90.12254,1451691156.1461926,24.935572,407.3228,3.8134704,398.76062,2016-01-01 23:32:34
897,-80.017334,72.17605,1451691206.7343712,1.0950726,402.28152,4.1911745,398.7893,2016-01-01 23:33:25
898,-76.41987,69.04377,1451691229.8987598,26.90895,399.9074,6.093238,399.02545,2016-01-01 23:33:48
899,-76.42205,69.0385,1451691234.391272,25.820423,405.61166,6.2262363,399.0253,2016-01-01 23:33:52
900,-79.88708,51.520706,1451691257.5557814,24.322039,356.0661,1.4623358,398.76874,2016-01-01 23:34:15
901,-77.673096,44.718685,1451691271.2673545,26.897297,409.7659,5.3969193,398.89026,2016-01-01 23:34:29
902,-77.69095,44.738068,1451691280.4865763,25.017035,399.658,5.094176,398.89023,2016-01-01 23:34:39
903,-76.427574,54.288105,1451691285.212642,3.9887345,398.35916,6.166476,398.96613,2016-01-01 23:34:43
904,-76.4329,54.300404,1451691289.7066832,1.0670998,399.68253,5.9086914,398.9662,2016-01-01 23:34:48
905,-76.43849,54.316067,1451691294.4318638,1.8768208,401.25937,5.8465886,398.96628,2016-01-01 23:34:52
906,-74.338554,48.561806,1451691326.5827656,3.9724727,395.65323,3.7140834,398.94785,2016-01-01 23:35:25
907,-74.344444,48.56978,1451691331.3079863,1.0488367,402.16635,4.0897756,398.94778,2016-01-01 23:35:29
908,-74.35112,48.582767,1451691335.800861,1.9063481,398.24384,3.6654663,398.94778,2016-01-01 23:35:34
909,-75.46878,40.066418,1451691345.0205655,24.879473,376.99115,6.256004,398.9952,2016-01-01 23:35:43
910,-75.47732,40.083767,1451691349.7461483,25.672018,396.46582,6.0751143,398.99493,2016-01-01 23:35:48
